pick_id,pick_label,owning_team,origin_team,draft_year,round,tier,base_value,floor_tier,floor_value,tier_confidence,tier_decay,adjusted_value,currently_owned,available_for_trade,inventory_mode,ownership_disclaimer
ATL_2027_R1_OWN,2027 own Round 1 | late first,Atlanta Hawks,Atlanta Hawks,2027,1,projected_late_first,0.5610730371635125,projected_early_second,0.22884239515511412,1.0,0.0,0.5610730371635125,True,True,hypothetical_own_picks,"Hypothetical own-pick inventory; actual ownership, protections, swaps, and Stepien restrictions are not enforced."
ATL_2027_R2_OWN,2027 own Round 2 | early second,Atlanta Hawks,Atlanta Hawks,2027,2,projected_early_second,0.22884239515511412,projected_late_second,0.22884239515511412,1.0,0.0,0.22884239515511412,True,True,hypothetical_own_picks,"Hypothetical own-pick inventory; actual ownership, protections, swaps, and Stepien restrictions are not enforced."
ATL_2028_R1_OWN,2028 own Round 1 | late first,Atlanta Hawks,Atlanta Hawks,2028,1,projected_late_first,0.5610730371635125,projected_early_second,0.22884239515511412,0.85,0.15000000000000002,0.5112384408622528,True,True,hypothetical_own_picks,"Hypothetical own-pick inventory; actual ownership, protections, swaps, and Stepien restrictions are not enforced."
ATL_2028_R2_OWN,2028 own Round 2 | early second,Atlanta Hawks,Atlanta Hawks,2028,2,projected_early_second,0.22884239515511412,projected_late_second,0.22884239515511412,0.85,0.15000000000000002,0.22884239515511412,True,True,hypothetical_own_picks,"Hypothetical own-pick inventory; actual ownership, protections, swaps, and Stepien restrictions are not enforced."
ATL_2029_R1_OWN,2029 own Round 1 | late first,Atlanta Hawks,Atlanta Hawks,2029,1,projected_late_first,0.5610730371635125,projected_early_second,0.22884239515511412,0.65,0.35,0.4447923124605731,True,True,hypothetical_own_picks,"Hypothetical own-pick inventory; actual ownership, protections, swaps, and Stepien restrictions are not enforced."
ATL_2029_R2_OWN,2029 own Round 2 | early second,Atlanta Hawks,Atlanta Hawks,2029,2,projected_early_second,0.22884239515511412,projected_late_second,0.22884239515511412,0.65,0.35,0.22884239515511412,True,True,hypothetical_own_picks,"Hypothetical own-pick inventory; actual ownership, protections, swaps, and Stepien restrictions are not enforced."
BOS_2027_R1_OWN,2027 own Round 1 | late first,Boston Celtics,Boston Celtics,2027,1,projected_late_first,0.5610730371635125,projected_early_second,0.22884239515511412,1.0,0.0,0.5610730371635125,True,True,hypothetical_own_picks,"Hypothetical own-pick inventory; actual ownership, protections, swaps, and Stepien restrictions are not enforced."
BOS_2027_R2_OWN,2027 own Round 2 | early second,Boston Celtics,Boston Celtics,2027,2,projected_early_second,0.22884239515511412,projected_late_second,0.22884239515511412,1.0,0.0,0.22884239515511412,True,True,hypothetical_own_picks,"Hypothetical own-pick inventory; actual ownership, protections, swaps, and Stepien restrictions are not enforced."
BOS_2028_R1_OWN,2028 own Round 1 | late first,Boston Celtics,Boston Celtics,2028,1,projected_late_first,0.5610730371635125,projected_early_second,0.22884239515511412,0.85,0.15000000000000002,0.5112384408622528,True,True,hypothetical_own_picks,"Hypothetical own-pick inventory; actual ownership, protections, swaps, and Stepien restrictions are not enforced."
BOS_2028_R2_OWN,2028 own Round 2 | early second,Boston Celtics,Boston Celtics,2028,2,projected_early_second,0.22884239515511412,projected_late_second,0.22884239515511412,0.85,0.15000000000000002,0.22884239515511412,True,True,hypothetical_own_picks,"Hypothetical own-pick inventory; actual ownership, protections, swaps, and Stepien restrictions are not enforced."
BOS_2029_R1_OWN,2029 own Round 1 | late first,Boston Celtics,Boston Celtics,2029,1,projected_late_first,0.5610730371635125,projected_early_second,0.22884239515511412,0.65,0.35,0.4447923124605731,True,True,hypothetical_own_picks,"Hypothetical own-pick inventory; actual ownership, protections, swaps, and Stepien restrictions are not enforced."
BOS_2029_R2_OWN,2029 own Round 2 | early second,Boston Celtics,Boston Celtics,2029,2,projected_early_second,0.22884239515511412,projected_late_second,0.22884239515511412,0.65,0.35,0.22884239515511412,True,True,hypothetical_own_picks,"Hypothetical own-pick inventory; actual ownership, protections, swaps, and Stepien restrictions are not enforced."
BKN_2027_R1_OWN,2027 own Round 1 | late first,Brooklyn Nets,Brooklyn Nets,2027,1,projected_late_first,0.5610730371635125,projected_early_second,0.22884239515511412,1.0,0.0,0.5610730371635125,True,True,hypothetical_own_picks,"Hypothetical own-pick inventory; actual ownership, protections, swaps, and Stepien restrictions are not enforced."
BKN_2027_R2_OWN,2027 own Round 2 | early second,Brooklyn Nets,Brooklyn Nets,2027,2,projected_early_second,0.22884239515511412,projected_late_second,0.22884239515511412,1.0,0.0,0.22884239515511412,True,True,hypothetical_own_picks,"Hypothetical own-pick inventory; actual ownership, protections, swaps, and Stepien restrictions are not enforced."
BKN_2028_R1_OWN,2028 own Round 1 | late first,Brooklyn Nets,Brooklyn Nets,2028,1,projected_late_first,0.5610730371635125,projected_early_second,0.22884239515511412,0.85,0.15000000000000002,0.5112384408622528,True,True,hypothetical_own_picks,"Hypothetical own-pick inventory; actual ownership, protections, swaps, and Stepien restrictions are not enforced."
BKN_2028_R2_OWN,2028 own Round 2 | early second,Brooklyn Nets,Brooklyn Nets,2028,2,projected_early_second,0.22884239515511412,projected_late_second,0.22884239515511412,0.85,0.15000000000000002,0.22884239515511412,True,True,hypothetical_own_picks,"Hypothetical own-pick inventory; actual ownership, protections, swaps, and Stepien restrictions are not enforced."
BKN_2029_R1_OWN,2029 own Round 1 | late first,Brooklyn Nets,Brooklyn Nets,2029,1,projected_late_first,0.5610730371635125,projected_early_second,0.22884239515511412,0.65,0.35,0.4447923124605731,True,True,hypothetical_own_picks,"Hypothetical own-pick inventory; actual ownership, protections, swaps, and Stepien restrictions are not enforced."
BKN_2029_R2_OWN,2029 own Round 2 | early second,Brooklyn Nets,Brooklyn Nets,2029,2,projected_early_second,0.22884239515511412,projected_late_second,0.22884239515511412,0.65,0.35,0.22884239515511412,True,True,hypothetical_own_picks,"Hypothetical own-pick inventory; actual ownership, protections, swaps, and Stepien restrictions are not enforced."
CHA_2027_R1_OWN,2027 own Round 1 | late first,Charlotte Hornets,Charlotte Hornets,2027,1,projected_late_first,0.5610730371635125,projected_early_second,0.22884239515511412,1.0,0.0,0.5610730371635125,True,True,hypothetical_own_picks,"Hypothetical own-pick inventory; actual ownership, protections, swaps, and Stepien restrictions are not enforced."
CHA_2027_R2_OWN,2027 own Round 2 | early second,Charlotte Hornets,Charlotte Hornets,2027,2,projected_early_second,0.22884239515511412,projected_late_second,0.22884239515511412,1.0,0.0,0.22884239515511412,True,True,hypothetical_own_picks,"Hypothetical own-pick inventory; actual ownership, protections, swaps, and Stepien restrictions are not enforced."
CHA_2028_R1_OWN,2028 own Round 1 | late first,Charlotte Hornets,Charlotte Hornets,2028,1,projected_late_first,0.5610730371635125,projected_early_second,0.22884239515511412,0.85,0.15000000000000002,0.5112384408622528,True,True,hypothetical_own_picks,"Hypothetical own-pick inventory; actual ownership, protections, swaps, and Stepien restrictions are not enforced."
CHA_2028_R2_OWN,2028 own Round 2 | early second,Charlotte Hornets,Charlotte Hornets,2028,2,projected_early_second,0.22884239515511412,projected_late_second,0.22884239515511412,0.85,0.15000000000000002,0.22884239515511412,True,True,hypothetical_own_picks,"Hypothetical own-pick inventory; actual ownership, protections, swaps, and Stepien restrictions are not enforced."
CHA_2029_R1_OWN,2029 own Round 1 | late first,Charlotte Hornets,Charlotte Hornets,2029,1,projected_late_first,0.5610730371635125,projected_early_second,0.22884239515511412,0.65,0.35,0.4447923124605731,True,True,hypothetical_own_picks,"Hypothetical own-pick inventory; actual ownership, protections, swaps, and Stepien restrictions are not enforced."
CHA_2029_R2_OWN,2029 own Round 2 | early second,Charlotte Hornets,Charlotte Hornets,2029,2,projected_early_second,0.22884239515511412,projected_late_second,0.22884239515511412,0.65,0.35,0.22884239515511412,True,True,hypothetical_own_picks,"Hypothetical own-pick inventory; actual ownership, protections, swaps, and Stepien restrictions are not enforced."
CHI_2027_R1_OWN,2027 own Round 1 | late first,Chicago Bulls,Chicago Bulls,2027,1,projected_late_first,0.5610730371635125,projected_early_second,0.22884239515511412,1.0,0.0,0.5610730371635125,True,True,hypothetical_own_picks,"Hypothetical own-pick inventory; actual ownership, protections, swaps, and Stepien restrictions are not enforced."
CHI_2027_R2_OWN,2027 own Round 2 | early second,Chicago Bulls,Chicago Bulls,2027,2,projected_early_second,0.22884239515511412,projected_late_second,0.22884239515511412,1.0,0.0,0.22884239515511412,True,True,hypothetical_own_picks,"Hypothetical own-pick inventory; actual ownership, protections, swaps, and Stepien restrictions are not enforced."
CHI_2028_R1_OWN,2028 own Round 1 | late first,Chicago Bulls,Chicago Bulls,2028,1,projected_late_first,0.5610730371635125,projected_early_second,0.22884239515511412,0.85,0.15000000000000002,0.5112384408622528,True,True,hypothetical_own_picks,"Hypothetical own-pick inventory; actual ownership, protections, swaps, and Stepien restrictions are not enforced."
CHI_2028_R2_OWN,2028 own Round 2 | early second,Chicago Bulls,Chicago Bulls,2028,2,projected_early_second,0.22884239515511412,projected_late_second,0.22884239515511412,0.85,0.15000000000000002,0.22884239515511412,True,True,hypothetical_own_picks,"Hypothetical own-pick inventory; actual ownership, protections, swaps, and Stepien restrictions are not enforced."
CHI_2029_R1_OWN,2029 own Round 1 | late first,Chicago Bulls,Chicago Bulls,2029,1,projected_late_first,0.5610730371635125,projected_early_second,0.22884239515511412,0.65,0.35,0.4447923124605731,True,True,hypothetical_own_picks,"Hypothetical own-pick inventory; actual ownership, protections, swaps, and Stepien restrictions are not enforced."
CHI_2029_R2_OWN,2029 own Round 2 | early second,Chicago Bulls,Chicago Bulls,2029,2,projected_early_second,0.22884239515511412,projected_late_second,0.22884239515511412,0.65,0.35,0.22884239515511412,True,True,hypothetical_own_picks,"Hypothetical own-pick inventory; actual ownership, protections, swaps, and Stepien restrictions are not enforced."
CLE_2027_R1_OWN,2027 own Round 1 | late first,Cleveland Cavaliers,Cleveland Cavaliers,2027,1,projected_late_first,0.5610730371635125,projected_early_second,0.22884239515511412,1.0,0.0,0.5610730371635125,True,True,hypothetical_own_picks,"Hypothetical own-pick inventory; actual ownership, protections, swaps, and Stepien restrictions are not enforced."
CLE_2027_R2_OWN,2027 own Round 2 | early second,Cleveland Cavaliers,Cleveland Cavaliers,2027,2,projected_early_second,0.22884239515511412,projected_late_second,0.22884239515511412,1.0,0.0,0.22884239515511412,True,True,hypothetical_own_picks,"Hypothetical own-pick inventory; actual ownership, protections, swaps, and Stepien restrictions are not enforced."
CLE_2028_R1_OWN,2028 own Round 1 | late first,Cleveland Cavaliers,Cleveland Cavaliers,2028,1,projected_late_first,0.5610730371635125,projected_early_second,0.22884239515511412,0.85,0.15000000000000002,0.5112384408622528,True,True,hypothetical_own_picks,"Hypothetical own-pick inventory; actual ownership, protections, swaps, and Stepien restrictions are not enforced."
CLE_2028_R2_OWN,2028 own Round 2 | early second,Cleveland Cavaliers,Cleveland Cavaliers,2028,2,projected_early_second,0.22884239515511412,projected_late_second,0.22884239515511412,0.85,0.15000000000000002,0.22884239515511412,True,True,hypothetical_own_picks,"Hypothetical own-pick inventory; actual ownership, protections, swaps, and Stepien restrictions are not enforced."
CLE_2029_R1_OWN,2029 own Round 1 | late first,Cleveland Cavaliers,Cleveland Cavaliers,2029,1,projected_late_first,0.5610730371635125,projected_early_second,0.22884239515511412,0.65,0.35,0.4447923124605731,True,True,hypothetical_own_picks,"Hypothetical own-pick inventory; actual ownership, protections, swaps, and Stepien restrictions are not enforced."
CLE_2029_R2_OWN,2029 own Round 2 | early second,Cleveland Cavaliers,Cleveland Cavaliers,2029,2,projected_early_second,0.22884239515511412,projected_late_second,0.22884239515511412,0.65,0.35,0.22884239515511412,True,True,hypothetical_own_picks,"Hypothetical own-pick inventory; actual ownership, protections, swaps, and Stepien restrictions are not enforced."
DAL_2027_R1_OWN,2027 own Round 1 | late first,Dallas Mavericks,Dallas Mavericks,2027,1,projected_late_first,0.5610730371635125,projected_early_second,0.22884239515511412,1.0,0.0,0.5610730371635125,True,True,hypothetical_own_picks,"Hypothetical own-pick inventory; actual ownership, protections, swaps, and Stepien restrictions are not enforced."
DAL_2027_R2_OWN,2027 own Round 2 | early second,Dallas Mavericks,Dallas Mavericks,2027,2,projected_early_second,0.22884239515511412,projected_late_second,0.22884239515511412,1.0,0.0,0.22884239515511412,True,True,hypothetical_own_picks,"Hypothetical own-pick inventory; actual ownership, protections, swaps, and Stepien restrictions are not enforced."
DAL_2028_R1_OWN,2028 own Round 1 | late first,Dallas Mavericks,Dallas Mavericks,2028,1,projected_late_first,0.5610730371635125,projected_early_second,0.22884239515511412,0.85,0.15000000000000002,0.5112384408622528,True,True,hypothetical_own_picks,"Hypothetical own-pick inventory; actual ownership, protections, swaps, and Stepien restrictions are not enforced."
DAL_2028_R2_OWN,2028 own Round 2 | early second,Dallas Mavericks,Dallas Mavericks,2028,2,projected_early_second,0.22884239515511412,projected_late_second,0.22884239515511412,0.85,0.15000000000000002,0.22884239515511412,True,True,hypothetical_own_picks,"Hypothetical own-pick inventory; actual ownership, protections, swaps, and Stepien restrictions are not enforced."
DAL_2029_R1_OWN,2029 own Round 1 | late first,Dallas Mavericks,Dallas Mavericks,2029,1,projected_late_first,0.5610730371635125,projected_early_second,0.22884239515511412,0.65,0.35,0.4447923124605731,True,True,hypothetical_own_picks,"Hypothetical own-pick inventory; actual ownership, protections, swaps, and Stepien restrictions are not enforced."
DAL_2029_R2_OWN,2029 own Round 2 | early second,Dallas Mavericks,Dallas Mavericks,2029,2,projected_early_second,0.22884239515511412,projected_late_second,0.22884239515511412,0.65,0.35,0.22884239515511412,True,True,hypothetical_own_picks,"Hypothetical own-pick inventory; actual ownership, protections, swaps, and Stepien restrictions are not enforced."
DEN_2027_R1_OWN,2027 own Round 1 | late first,Denver Nuggets,Denver Nuggets,2027,1,projected_late_first,0.5610730371635125,projected_early_second,0.22884239515511412,1.0,0.0,0.5610730371635125,True,True,hypothetical_own_picks,"Hypothetical own-pick inventory; actual ownership, protections, swaps, and Stepien restrictions are not enforced."
DEN_2027_R2_OWN,2027 own Round 2 | early second,Denver Nuggets,Denver Nuggets,2027,2,projected_early_second,0.22884239515511412,projected_late_second,0.22884239515511412,1.0,0.0,0.22884239515511412,True,True,hypothetical_own_picks,"Hypothetical own-pick inventory; actual ownership, protections, swaps, and Stepien restrictions are not enforced."
DEN_2028_R1_OWN,2028 own Round 1 | late first,Denver Nuggets,Denver Nuggets,2028,1,projected_late_first,0.5610730371635125,projected_early_second,0.22884239515511412,0.85,0.15000000000000002,0.5112384408622528,True,True,hypothetical_own_picks,"Hypothetical own-pick inventory; actual ownership, protections, swaps, and Stepien restrictions are not enforced."
DEN_2028_R2_OWN,2028 own Round 2 | early second,Denver Nuggets,Denver Nuggets,2028,2,projected_early_second,0.22884239515511412,projected_late_second,0.22884239515511412,0.85,0.15000000000000002,0.22884239515511412,True,True,hypothetical_own_picks,"Hypothetical own-pick inventory; actual ownership, protections, swaps, and Stepien restrictions are not enforced."
DEN_2029_R1_OWN,2029 own Round 1 | late first,Denver Nuggets,Denver Nuggets,2029,1,projected_late_first,0.5610730371635125,projected_early_second,0.22884239515511412,0.65,0.35,0.4447923124605731,True,True,hypothetical_own_picks,"Hypothetical own-pick inventory; actual ownership, protections, swaps, and Stepien restrictions are not enforced."
DEN_2029_R2_OWN,2029 own Round 2 | early second,Denver Nuggets,Denver Nuggets,2029,2,projected_early_second,0.22884239515511412,projected_late_second,0.22884239515511412,0.65,0.35,0.22884239515511412,True,True,hypothetical_own_picks,"Hypothetical own-pick inventory; actual ownership, protections, swaps, and Stepien restrictions are not enforced."
DET_2027_R1_OWN,2027 own Round 1 | late first,Detroit Pistons,Detroit Pistons,2027,1,projected_late_first,0.5610730371635125,projected_early_second,0.22884239515511412,1.0,0.0,0.5610730371635125,True,True,hypothetical_own_picks,"Hypothetical own-pick inventory; actual ownership, protections, swaps, and Stepien restrictions are not enforced."
DET_2027_R2_OWN,2027 own Round 2 | early second,Detroit Pistons,Detroit Pistons,2027,2,projected_early_second,0.22884239515511412,projected_late_second,0.22884239515511412,1.0,0.0,0.22884239515511412,True,True,hypothetical_own_picks,"Hypothetical own-pick inventory; actual ownership, protections, swaps, and Stepien restrictions are not enforced."
DET_2028_R1_OWN,2028 own Round 1 | late first,Detroit Pistons,Detroit Pistons,2028,1,projected_late_first,0.5610730371635125,projected_early_second,0.22884239515511412,0.85,0.15000000000000002,0.5112384408622528,True,True,hypothetical_own_picks,"Hypothetical own-pick inventory; actual ownership, protections, swaps, and Stepien restrictions are not enforced."
DET_2028_R2_OWN,2028 own Round 2 | early second,Detroit Pistons,Detroit Pistons,2028,2,projected_early_second,0.22884239515511412,projected_late_second,0.22884239515511412,0.85,0.15000000000000002,0.22884239515511412,True,True,hypothetical_own_picks,"Hypothetical own-pick inventory; actual ownership, protections, swaps, and Stepien restrictions are not enforced."
DET_2029_R1_OWN,2029 own Round 1 | late first,Detroit Pistons,Detroit Pistons,2029,1,projected_late_first,0.5610730371635125,projected_early_second,0.22884239515511412,0.65,0.35,0.4447923124605731,True,True,hypothetical_own_picks,"Hypothetical own-pick inventory; actual ownership, protections, swaps, and Stepien restrictions are not enforced."
DET_2029_R2_OWN,2029 own Round 2 | early second,Detroit Pistons,Detroit Pistons,2029,2,projected_early_second,0.22884239515511412,projected_late_second,0.22884239515511412,0.65,0.35,0.22884239515511412,True,True,hypothetical_own_picks,"Hypothetical own-pick inventory; actual ownership, protections, swaps, and Stepien restrictions are not enforced."
GSW_2027_R1_OWN,2027 own Round 1 | late first,Golden State Warriors,Golden State Warriors,2027,1,projected_late_first,0.5610730371635125,projected_early_second,0.22884239515511412,1.0,0.0,0.5610730371635125,True,True,hypothetical_own_picks,"Hypothetical own-pick inventory; actual ownership, protections, swaps, and Stepien restrictions are not enforced."
GSW_2027_R2_OWN,2027 own Round 2 | early second,Golden State Warriors,Golden State Warriors,2027,2,projected_early_second,0.22884239515511412,projected_late_second,0.22884239515511412,1.0,0.0,0.22884239515511412,True,True,hypothetical_own_picks,"Hypothetical own-pick inventory; actual ownership, protections, swaps, and Stepien restrictions are not enforced."
GSW_2028_R1_OWN,2028 own Round 1 | late first,Golden State Warriors,Golden State Warriors,2028,1,projected_late_first,0.5610730371635125,projected_early_second,0.22884239515511412,0.85,0.15000000000000002,0.5112384408622528,True,True,hypothetical_own_picks,"Hypothetical own-pick inventory; actual ownership, protections, swaps, and Stepien restrictions are not enforced."
GSW_2028_R2_OWN,2028 own Round 2 | early second,Golden State Warriors,Golden State Warriors,2028,2,projected_early_second,0.22884239515511412,projected_late_second,0.22884239515511412,0.85,0.15000000000000002,0.22884239515511412,True,True,hypothetical_own_picks,"Hypothetical own-pick inventory; actual ownership, protections, swaps, and Stepien restrictions are not enforced."
GSW_2029_R1_OWN,2029 own Round 1 | late first,Golden State Warriors,Golden State Warriors,2029,1,projected_late_first,0.5610730371635125,projected_early_second,0.22884239515511412,0.65,0.35,0.4447923124605731,True,True,hypothetical_own_picks,"Hypothetical own-pick inventory; actual ownership, protections, swaps, and Stepien restrictions are not enforced."
GSW_2029_R2_OWN,2029 own Round 2 | early second,Golden State Warriors,Golden State Warriors,2029,2,projected_early_second,0.22884239515511412,projected_late_second,0.22884239515511412,0.65,0.35,0.22884239515511412,True,True,hypothetical_own_picks,"Hypothetical own-pick inventory; actual ownership, protections, swaps, and Stepien restrictions are not enforced."
HOU_2027_R1_OWN,2027 own Round 1 | late first,Houston Rockets,Houston Rockets,2027,1,projected_late_first,0.5610730371635125,projected_early_second,0.22884239515511412,1.0,0.0,0.5610730371635125,True,True,hypothetical_own_picks,"Hypothetical own-pick inventory; actual ownership, protections, swaps, and Stepien restrictions are not enforced."
HOU_2027_R2_OWN,2027 own Round 2 | early second,Houston Rockets,Houston Rockets,2027,2,projected_early_second,0.22884239515511412,projected_late_second,0.22884239515511412,1.0,0.0,0.22884239515511412,True,True,hypothetical_own_picks,"Hypothetical own-pick inventory; actual ownership, protections, swaps, and Stepien restrictions are not enforced."
HOU_2028_R1_OWN,2028 own Round 1 | late first,Houston Rockets,Houston Rockets,2028,1,projected_late_first,0.5610730371635125,projected_early_second,0.22884239515511412,0.85,0.15000000000000002,0.5112384408622528,True,True,hypothetical_own_picks,"Hypothetical own-pick inventory; actual ownership, protections, swaps, and Stepien restrictions are not enforced."
HOU_2028_R2_OWN,2028 own Round 2 | early second,Houston Rockets,Houston Rockets,2028,2,projected_early_second,0.22884239515511412,projected_late_second,0.22884239515511412,0.85,0.15000000000000002,0.22884239515511412,True,True,hypothetical_own_picks,"Hypothetical own-pick inventory; actual ownership, protections, swaps, and Stepien restrictions are not enforced."
HOU_2029_R1_OWN,2029 own Round 1 | late first,Houston Rockets,Houston Rockets,2029,1,projected_late_first,0.5610730371635125,projected_early_second,0.22884239515511412,0.65,0.35,0.4447923124605731,True,True,hypothetical_own_picks,"Hypothetical own-pick inventory; actual ownership, protections, swaps, and Stepien restrictions are not enforced."
HOU_2029_R2_OWN,2029 own Round 2 | early second,Houston Rockets,Houston Rockets,2029,2,projected_early_second,0.22884239515511412,projected_late_second,0.22884239515511412,0.65,0.35,0.22884239515511412,True,True,hypothetical_own_picks,"Hypothetical own-pick inventory; actual ownership, protections, swaps, and Stepien restrictions are not enforced."
IND_2027_R1_OWN,2027 own Round 1 | late first,Indiana Pacers,Indiana Pacers,2027,1,projected_late_first,0.5610730371635125,projected_early_second,0.22884239515511412,1.0,0.0,0.5610730371635125,True,True,hypothetical_own_picks,"Hypothetical own-pick inventory; actual ownership, protections, swaps, and Stepien restrictions are not enforced."
IND_2027_R2_OWN,2027 own Round 2 | early second,Indiana Pacers,Indiana Pacers,2027,2,projected_early_second,0.22884239515511412,projected_late_second,0.22884239515511412,1.0,0.0,0.22884239515511412,True,True,hypothetical_own_picks,"Hypothetical own-pick inventory; actual ownership, protections, swaps, and Stepien restrictions are not enforced."
IND_2028_R1_OWN,2028 own Round 1 | late first,Indiana Pacers,Indiana Pacers,2028,1,projected_late_first,0.5610730371635125,projected_early_second,0.22884239515511412,0.85,0.15000000000000002,0.5112384408622528,True,True,hypothetical_own_picks,"Hypothetical own-pick inventory; actual ownership, protections, swaps, and Stepien restrictions are not enforced."
IND_2028_R2_OWN,2028 own Round 2 | early second,Indiana Pacers,Indiana Pacers,2028,2,projected_early_second,0.22884239515511412,projected_late_second,0.22884239515511412,0.85,0.15000000000000002,0.22884239515511412,True,True,hypothetical_own_picks,"Hypothetical own-pick inventory; actual ownership, protections, swaps, and Stepien restrictions are not enforced."
IND_2029_R1_OWN,2029 own Round 1 | late first,Indiana Pacers,Indiana Pacers,2029,1,projected_late_first,0.5610730371635125,projected_early_second,0.22884239515511412,0.65,0.35,0.4447923124605731,True,True,hypothetical_own_picks,"Hypothetical own-pick inventory; actual ownership, protections, swaps, and Stepien restrictions are not enforced."
IND_2029_R2_OWN,2029 own Round 2 | early second,Indiana Pacers,Indiana Pacers,2029,2,projected_early_second,0.22884239515511412,projected_late_second,0.22884239515511412,0.65,0.35,0.22884239515511412,True,True,hypothetical_own_picks,"Hypothetical own-pick inventory; actual ownership, protections, swaps, and Stepien restrictions are not enforced."
LAC_2027_R1_OWN,2027 own Round 1 | late first,LA Clippers,LA Clippers,2027,1,projected_late_first,0.5610730371635125,projected_early_second,0.22884239515511412,1.0,0.0,0.5610730371635125,True,True,hypothetical_own_picks,"Hypothetical own-pick inventory; actual ownership, protections, swaps, and Stepien restrictions are not enforced."
LAC_2027_R2_OWN,2027 own Round 2 | early second,LA Clippers,LA Clippers,2027,2,projected_early_second,0.22884239515511412,projected_late_second,0.22884239515511412,1.0,0.0,0.22884239515511412,True,True,hypothetical_own_picks,"Hypothetical own-pick inventory; actual ownership, protections, swaps, and Stepien restrictions are not enforced."
LAC_2028_R1_OWN,2028 own Round 1 | late first,LA Clippers,LA Clippers,2028,1,projected_late_first,0.5610730371635125,projected_early_second,0.22884239515511412,0.85,0.15000000000000002,0.5112384408622528,True,True,hypothetical_own_picks,"Hypothetical own-pick inventory; actual ownership, protections, swaps, and Stepien restrictions are not enforced."
LAC_2028_R2_OWN,2028 own Round 2 | early second,LA Clippers,LA Clippers,2028,2,projected_early_second,0.22884239515511412,projected_late_second,0.22884239515511412,0.85,0.15000000000000002,0.22884239515511412,True,True,hypothetical_own_picks,"Hypothetical own-pick inventory; actual ownership, protections, swaps, and Stepien restrictions are not enforced."
LAC_2029_R1_OWN,2029 own Round 1 | late first,LA Clippers,LA Clippers,2029,1,projected_late_first,0.5610730371635125,projected_early_second,0.22884239515511412,0.65,0.35,0.4447923124605731,True,True,hypothetical_own_picks,"Hypothetical own-pick inventory; actual ownership, protections, swaps, and Stepien restrictions are not enforced."
LAC_2029_R2_OWN,2029 own Round 2 | early second,LA Clippers,LA Clippers,2029,2,projected_early_second,0.22884239515511412,projected_late_second,0.22884239515511412,0.65,0.35,0.22884239515511412,True,True,hypothetical_own_picks,"Hypothetical own-pick inventory; actual ownership, protections, swaps, and Stepien restrictions are not enforced."
LAL_2027_R1_OWN,2027 own Round 1 | late first,Los Angeles Lakers,Los Angeles Lakers,2027,1,projected_late_first,0.5610730371635125,projected_early_second,0.22884239515511412,1.0,0.0,0.5610730371635125,True,True,hypothetical_own_picks,"Hypothetical own-pick inventory; actual ownership, protections, swaps, and Stepien restrictions are not enforced."
LAL_2027_R2_OWN,2027 own Round 2 | early second,Los Angeles Lakers,Los Angeles Lakers,2027,2,projected_early_second,0.22884239515511412,projected_late_second,0.22884239515511412,1.0,0.0,0.22884239515511412,True,True,hypothetical_own_picks,"Hypothetical own-pick inventory; actual ownership, protections, swaps, and Stepien restrictions are not enforced."
LAL_2028_R1_OWN,2028 own Round 1 | late first,Los Angeles Lakers,Los Angeles Lakers,2028,1,projected_late_first,0.5610730371635125,projected_early_second,0.22884239515511412,0.85,0.15000000000000002,0.5112384408622528,True,True,hypothetical_own_picks,"Hypothetical own-pick inventory; actual ownership, protections, swaps, and Stepien restrictions are not enforced."
LAL_2028_R2_OWN,2028 own Round 2 | early second,Los Angeles Lakers,Los Angeles Lakers,2028,2,projected_early_second,0.22884239515511412,projected_late_second,0.22884239515511412,0.85,0.15000000000000002,0.22884239515511412,True,True,hypothetical_own_picks,"Hypothetical own-pick inventory; actual ownership, protections, swaps, and Stepien restrictions are not enforced."
LAL_2029_R1_OWN,2029 own Round 1 | late first,Los Angeles Lakers,Los Angeles Lakers,2029,1,projected_late_first,0.5610730371635125,projected_early_second,0.22884239515511412,0.65,0.35,0.4447923124605731,True,True,hypothetical_own_picks,"Hypothetical own-pick inventory; actual ownership, protections, swaps, and Stepien restrictions are not enforced."
LAL_2029_R2_OWN,2029 own Round 2 | early second,Los Angeles Lakers,Los Angeles Lakers,2029,2,projected_early_second,0.22884239515511412,projected_late_second,0.22884239515511412,0.65,0.35,0.22884239515511412,True,True,hypothetical_own_picks,"Hypothetical own-pick inventory; actual ownership, protections, swaps, and Stepien restrictions are not enforced."
MEM_2027_R1_OWN,2027 own Round 1 | late first,Memphis Grizzlies,Memphis Grizzlies,2027,1,projected_late_first,0.5610730371635125,projected_early_second,0.22884239515511412,1.0,0.0,0.5610730371635125,True,True,hypothetical_own_picks,"Hypothetical own-pick inventory; actual ownership, protections, swaps, and Stepien restrictions are not enforced."
MEM_2027_R2_OWN,2027 own Round 2 | early second,Memphis Grizzlies,Memphis Grizzlies,2027,2,projected_early_second,0.22884239515511412,projected_late_second,0.22884239515511412,1.0,0.0,0.22884239515511412,True,True,hypothetical_own_picks,"Hypothetical own-pick inventory; actual ownership, protections, swaps, and Stepien restrictions are not enforced."
MEM_2028_R1_OWN,2028 own Round 1 | late first,Memphis Grizzlies,Memphis Grizzlies,2028,1,projected_late_first,0.5610730371635125,projected_early_second,0.22884239515511412,0.85,0.15000000000000002,0.5112384408622528,True,True,hypothetical_own_picks,"Hypothetical own-pick inventory; actual ownership, protections, swaps, and Stepien restrictions are not enforced."
MEM_2028_R2_OWN,2028 own Round 2 | early second,Memphis Grizzlies,Memphis Grizzlies,2028,2,projected_early_second,0.22884239515511412,projected_late_second,0.22884239515511412,0.85,0.15000000000000002,0.22884239515511412,True,True,hypothetical_own_picks,"Hypothetical own-pick inventory; actual ownership, protections, swaps, and Stepien restrictions are not enforced."
MEM_2029_R1_OWN,2029 own Round 1 | late first,Memphis Grizzlies,Memphis Grizzlies,2029,1,projected_late_first,0.5610730371635125,projected_early_second,0.22884239515511412,0.65,0.35,0.4447923124605731,True,True,hypothetical_own_picks,"Hypothetical own-pick inventory; actual ownership, protections, swaps, and Stepien restrictions are not enforced."
MEM_2029_R2_OWN,2029 own Round 2 | early second,Memphis Grizzlies,Memphis Grizzlies,2029,2,projected_early_second,0.22884239515511412,projected_late_second,0.22884239515511412,0.65,0.35,0.22884239515511412,True,True,hypothetical_own_picks,"Hypothetical own-pick inventory; actual ownership, protections, swaps, and Stepien restrictions are not enforced."
MIA_2027_R1_OWN,2027 own Round 1 | late first,Miami Heat,Miami Heat,2027,1,projected_late_first,0.5610730371635125,projected_early_second,0.22884239515511412,1.0,0.0,0.5610730371635125,True,True,hypothetical_own_picks,"Hypothetical own-pick inventory; actual ownership, protections, swaps, and Stepien restrictions are not enforced."
MIA_2027_R2_OWN,2027 own Round 2 | early second,Miami Heat,Miami Heat,2027,2,projected_early_second,0.22884239515511412,projected_late_second,0.22884239515511412,1.0,0.0,0.22884239515511412,True,True,hypothetical_own_picks,"Hypothetical own-pick inventory; actual ownership, protections, swaps, and Stepien restrictions are not enforced."
MIA_2028_R1_OWN,2028 own Round 1 | late first,Miami Heat,Miami Heat,2028,1,projected_late_first,0.5610730371635125,projected_early_second,0.22884239515511412,0.85,0.15000000000000002,0.5112384408622528,True,True,hypothetical_own_picks,"Hypothetical own-pick inventory; actual ownership, protections, swaps, and Stepien restrictions are not enforced."
MIA_2028_R2_OWN,2028 own Round 2 | early second,Miami Heat,Miami Heat,2028,2,projected_early_second,0.22884239515511412,projected_late_second,0.22884239515511412,0.85,0.15000000000000002,0.22884239515511412,True,True,hypothetical_own_picks,"Hypothetical own-pick inventory; actual ownership, protections, swaps, and Stepien restrictions are not enforced."
MIA_2029_R1_OWN,2029 own Round 1 | late first,Miami Heat,Miami Heat,2029,1,projected_late_first,0.5610730371635125,projected_early_second,0.22884239515511412,0.65,0.35,0.4447923124605731,True,True,hypothetical_own_picks,"Hypothetical own-pick inventory; actual ownership, protections, swaps, and Stepien restrictions are not enforced."
MIA_2029_R2_OWN,2029 own Round 2 | early second,Miami Heat,Miami Heat,2029,2,projected_early_second,0.22884239515511412,projected_late_second,0.22884239515511412,0.65,0.35,0.22884239515511412,True,True,hypothetical_own_picks,"Hypothetical own-pick inventory; actual ownership, protections, swaps, and Stepien restrictions are not enforced."
MIL_2027_R1_OWN,2027 own Round 1 | late first,Milwaukee Bucks,Milwaukee Bucks,2027,1,projected_late_first,0.5610730371635125,projected_early_second,0.22884239515511412,1.0,0.0,0.5610730371635125,True,True,hypothetical_own_picks,"Hypothetical own-pick inventory; actual ownership, protections, swaps, and Stepien restrictions are not enforced."
MIL_2027_R2_OWN,2027 own Round 2 | early second,Milwaukee Bucks,Milwaukee Bucks,2027,2,projected_early_second,0.22884239515511412,projected_late_second,0.22884239515511412,1.0,0.0,0.22884239515511412,True,True,hypothetical_own_picks,"Hypothetical own-pick inventory; actual ownership, protections, swaps, and Stepien restrictions are not enforced."
MIL_2028_R1_OWN,2028 own Round 1 | late first,Milwaukee Bucks,Milwaukee Bucks,2028,1,projected_late_first,0.5610730371635125,projected_early_second,0.22884239515511412,0.85,0.15000000000000002,0.5112384408622528,True,True,hypothetical_own_picks,"Hypothetical own-pick inventory; actual ownership, protections, swaps, and Stepien restrictions are not enforced."
MIL_2028_R2_OWN,2028 own Round 2 | early second,Milwaukee Bucks,Milwaukee Bucks,2028,2,projected_early_second,0.22884239515511412,projected_late_second,0.22884239515511412,0.85,0.15000000000000002,0.22884239515511412,True,True,hypothetical_own_picks,"Hypothetical own-pick inventory; actual ownership, protections, swaps, and Stepien restrictions are not enforced."
MIL_2029_R1_OWN,2029 own Round 1 | late first,Milwaukee Bucks,Milwaukee Bucks,2029,1,projected_late_first,0.5610730371635125,projected_early_second,0.22884239515511412,0.65,0.35,0.4447923124605731,True,True,hypothetical_own_picks,"Hypothetical own-pick inventory; actual ownership, protections, swaps, and Stepien restrictions are not enforced."
MIL_2029_R2_OWN,2029 own Round 2 | early second,Milwaukee Bucks,Milwaukee Bucks,2029,2,projected_early_second,0.22884239515511412,projected_late_second,0.22884239515511412,0.65,0.35,0.22884239515511412,True,True,hypothetical_own_picks,"Hypothetical own-pick inventory; actual ownership, protections, swaps, and Stepien restrictions are not enforced."
MIN_2027_R1_OWN,2027 own Round 1 | late first,Minnesota Timberwolves,Minnesota Timberwolves,2027,1,projected_late_first,0.5610730371635125,projected_early_second,0.22884239515511412,1.0,0.0,0.5610730371635125,True,True,hypothetical_own_picks,"Hypothetical own-pick inventory; actual ownership, protections, swaps, and Stepien restrictions are not enforced."
MIN_2027_R2_OWN,2027 own Round 2 | early second,Minnesota Timberwolves,Minnesota Timberwolves,2027,2,projected_early_second,0.22884239515511412,projected_late_second,0.22884239515511412,1.0,0.0,0.22884239515511412,True,True,hypothetical_own_picks,"Hypothetical own-pick inventory; actual ownership, protections, swaps, and Stepien restrictions are not enforced."
MIN_2028_R1_OWN,2028 own Round 1 | late first,Minnesota Timberwolves,Minnesota Timberwolves,2028,1,projected_late_first,0.5610730371635125,projected_early_second,0.22884239515511412,0.85,0.15000000000000002,0.5112384408622528,True,True,hypothetical_own_picks,"Hypothetical own-pick inventory; actual ownership, protections, swaps, and Stepien restrictions are not enforced."
MIN_2028_R2_OWN,2028 own Round 2 | early second,Minnesota Timberwolves,Minnesota Timberwolves,2028,2,projected_early_second,0.22884239515511412,projected_late_second,0.22884239515511412,0.85,0.15000000000000002,0.22884239515511412,True,True,hypothetical_own_picks,"Hypothetical own-pick inventory; actual ownership, protections, swaps, and Stepien restrictions are not enforced."
MIN_2029_R1_OWN,2029 own Round 1 | late first,Minnesota Timberwolves,Minnesota Timberwolves,2029,1,projected_late_first,0.5610730371635125,projected_early_second,0.22884239515511412,0.65,0.35,0.4447923124605731,True,True,hypothetical_own_picks,"Hypothetical own-pick inventory; actual ownership, protections, swaps, and Stepien restrictions are not enforced."
MIN_2029_R2_OWN,2029 own Round 2 | early second,Minnesota Timberwolves,Minnesota Timberwolves,2029,2,projected_early_second,0.22884239515511412,projected_late_second,0.22884239515511412,0.65,0.35,0.22884239515511412,True,True,hypothetical_own_picks,"Hypothetical own-pick inventory; actual ownership, protections, swaps, and Stepien restrictions are not enforced."
NOP_2027_R1_OWN,2027 own Round 1 | late first,New Orleans Pelicans,New Orleans Pelicans,2027,1,projected_late_first,0.5610730371635125,projected_early_second,0.22884239515511412,1.0,0.0,0.5610730371635125,True,True,hypothetical_own_picks,"Hypothetical own-pick inventory; actual ownership, protections, swaps, and Stepien restrictions are not enforced."
NOP_2027_R2_OWN,2027 own Round 2 | early second,New Orleans Pelicans,New Orleans Pelicans,2027,2,projected_early_second,0.22884239515511412,projected_late_second,0.22884239515511412,1.0,0.0,0.22884239515511412,True,True,hypothetical_own_picks,"Hypothetical own-pick inventory; actual ownership, protections, swaps, and Stepien restrictions are not enforced."
NOP_2028_R1_OWN,2028 own Round 1 | late first,New Orleans Pelicans,New Orleans Pelicans,2028,1,projected_late_first,0.5610730371635125,projected_early_second,0.22884239515511412,0.85,0.15000000000000002,0.5112384408622528,True,True,hypothetical_own_picks,"Hypothetical own-pick inventory; actual ownership, protections, swaps, and Stepien restrictions are not enforced."
NOP_2028_R2_OWN,2028 own Round 2 | early second,New Orleans Pelicans,New Orleans Pelicans,2028,2,projected_early_second,0.22884239515511412,projected_late_second,0.22884239515511412,0.85,0.15000000000000002,0.22884239515511412,True,True,hypothetical_own_picks,"Hypothetical own-pick inventory; actual ownership, protections, swaps, and Stepien restrictions are not enforced."
NOP_2029_R1_OWN,2029 own Round 1 | late first,New Orleans Pelicans,New Orleans Pelicans,2029,1,projected_late_first,0.5610730371635125,projected_early_second,0.22884239515511412,0.65,0.35,0.4447923124605731,True,True,hypothetical_own_picks,"Hypothetical own-pick inventory; actual ownership, protections, swaps, and Stepien restrictions are not enforced."
NOP_2029_R2_OWN,2029 own Round 2 | early second,New Orleans Pelicans,New Orleans Pelicans,2029,2,projected_early_second,0.22884239515511412,projected_late_second,0.22884239515511412,0.65,0.35,0.22884239515511412,True,True,hypothetical_own_picks,"Hypothetical own-pick inventory; actual ownership, protections, swaps, and Stepien restrictions are not enforced."
NYK_2027_R1_OWN,2027 own Round 1 | late first,New York Knicks,New York Knicks,2027,1,projected_late_first,0.5610730371635125,projected_early_second,0.22884239515511412,1.0,0.0,0.5610730371635125,True,True,hypothetical_own_picks,"Hypothetical own-pick inventory; actual ownership, protections, swaps, and Stepien restrictions are not enforced."
NYK_2027_R2_OWN,2027 own Round 2 | early second,New York Knicks,New York Knicks,2027,2,projected_early_second,0.22884239515511412,projected_late_second,0.22884239515511412,1.0,0.0,0.22884239515511412,True,True,hypothetical_own_picks,"Hypothetical own-pick inventory; actual ownership, protections, swaps, and Stepien restrictions are not enforced."
NYK_2028_R1_OWN,2028 own Round 1 | late first,New York Knicks,New York Knicks,2028,1,projected_late_first,0.5610730371635125,projected_early_second,0.22884239515511412,0.85,0.15000000000000002,0.5112384408622528,True,True,hypothetical_own_picks,"Hypothetical own-pick inventory; actual ownership, protections, swaps, and Stepien restrictions are not enforced."
NYK_2028_R2_OWN,2028 own Round 2 | early second,New York Knicks,New York Knicks,2028,2,projected_early_second,0.22884239515511412,projected_late_second,0.22884239515511412,0.85,0.15000000000000002,0.22884239515511412,True,True,hypothetical_own_picks,"Hypothetical own-pick inventory; actual ownership, protections, swaps, and Stepien restrictions are not enforced."
NYK_2029_R1_OWN,2029 own Round 1 | late first,New York Knicks,New York Knicks,2029,1,projected_late_first,0.5610730371635125,projected_early_second,0.22884239515511412,0.65,0.35,0.4447923124605731,True,True,hypothetical_own_picks,"Hypothetical own-pick inventory; actual ownership, protections, swaps, and Stepien restrictions are not enforced."
NYK_2029_R2_OWN,2029 own Round 2 | early second,New York Knicks,New York Knicks,2029,2,projected_early_second,0.22884239515511412,projected_late_second,0.22884239515511412,0.65,0.35,0.22884239515511412,True,True,hypothetical_own_picks,"Hypothetical own-pick inventory; actual ownership, protections, swaps, and Stepien restrictions are not enforced."
OKC_2027_R1_OWN,2027 own Round 1 | late first,Oklahoma City Thunder,Oklahoma City Thunder,2027,1,projected_late_first,0.5610730371635125,projected_early_second,0.22884239515511412,1.0,0.0,0.5610730371635125,True,True,hypothetical_own_picks,"Hypothetical own-pick inventory; actual ownership, protections, swaps, and Stepien restrictions are not enforced."
OKC_2027_R2_OWN,2027 own Round 2 | early second,Oklahoma City Thunder,Oklahoma City Thunder,2027,2,projected_early_second,0.22884239515511412,projected_late_second,0.22884239515511412,1.0,0.0,0.22884239515511412,True,True,hypothetical_own_picks,"Hypothetical own-pick inventory; actual ownership, protections, swaps, and Stepien restrictions are not enforced."
OKC_2028_R1_OWN,2028 own Round 1 | late first,Oklahoma City Thunder,Oklahoma City Thunder,2028,1,projected_late_first,0.5610730371635125,projected_early_second,0.22884239515511412,0.85,0.15000000000000002,0.5112384408622528,True,True,hypothetical_own_picks,"Hypothetical own-pick inventory; actual ownership, protections, swaps, and Stepien restrictions are not enforced."
OKC_2028_R2_OWN,2028 own Round 2 | early second,Oklahoma City Thunder,Oklahoma City Thunder,2028,2,projected_early_second,0.22884239515511412,projected_late_second,0.22884239515511412,0.85,0.15000000000000002,0.22884239515511412,True,True,hypothetical_own_picks,"Hypothetical own-pick inventory; actual ownership, protections, swaps, and Stepien restrictions are not enforced."
OKC_2029_R1_OWN,2029 own Round 1 | late first,Oklahoma City Thunder,Oklahoma City Thunder,2029,1,projected_late_first,0.5610730371635125,projected_early_second,0.22884239515511412,0.65,0.35,0.4447923124605731,True,True,hypothetical_own_picks,"Hypothetical own-pick inventory; actual ownership, protections, swaps, and Stepien restrictions are not enforced."
OKC_2029_R2_OWN,2029 own Round 2 | early second,Oklahoma City Thunder,Oklahoma City Thunder,2029,2,projected_early_second,0.22884239515511412,projected_late_second,0.22884239515511412,0.65,0.35,0.22884239515511412,True,True,hypothetical_own_picks,"Hypothetical own-pick inventory; actual ownership, protections, swaps, and Stepien restrictions are not enforced."
ORL_2027_R1_OWN,2027 own Round 1 | late first,Orlando Magic,Orlando Magic,2027,1,projected_late_first,0.5610730371635125,projected_early_second,0.22884239515511412,1.0,0.0,0.5610730371635125,True,True,hypothetical_own_picks,"Hypothetical own-pick inventory; actual ownership, protections, swaps, and Stepien restrictions are not enforced."
ORL_2027_R2_OWN,2027 own Round 2 | early second,Orlando Magic,Orlando Magic,2027,2,projected_early_second,0.22884239515511412,projected_late_second,0.22884239515511412,1.0,0.0,0.22884239515511412,True,True,hypothetical_own_picks,"Hypothetical own-pick inventory; actual ownership, protections, swaps, and Stepien restrictions are not enforced."
ORL_2028_R1_OWN,2028 own Round 1 | late first,Orlando Magic,Orlando Magic,2028,1,projected_late_first,0.5610730371635125,projected_early_second,0.22884239515511412,0.85,0.15000000000000002,0.5112384408622528,True,True,hypothetical_own_picks,"Hypothetical own-pick inventory; actual ownership, protections, swaps, and Stepien restrictions are not enforced."
ORL_2028_R2_OWN,2028 own Round 2 | early second,Orlando Magic,Orlando Magic,2028,2,projected_early_second,0.22884239515511412,projected_late_second,0.22884239515511412,0.85,0.15000000000000002,0.22884239515511412,True,True,hypothetical_own_picks,"Hypothetical own-pick inventory; actual ownership, protections, swaps, and Stepien restrictions are not enforced."
ORL_2029_R1_OWN,2029 own Round 1 | late first,Orlando Magic,Orlando Magic,2029,1,projected_late_first,0.5610730371635125,projected_early_second,0.22884239515511412,0.65,0.35,0.4447923124605731,True,True,hypothetical_own_picks,"Hypothetical own-pick inventory; actual ownership, protections, swaps, and Stepien restrictions are not enforced."
ORL_2029_R2_OWN,2029 own Round 2 | early second,Orlando Magic,Orlando Magic,2029,2,projected_early_second,0.22884239515511412,projected_late_second,0.22884239515511412,0.65,0.35,0.22884239515511412,True,True,hypothetical_own_picks,"Hypothetical own-pick inventory; actual ownership, protections, swaps, and Stepien restrictions are not enforced."
PHI_2027_R1_OWN,2027 own Round 1 | late first,Philadelphia 76ers,Philadelphia 76ers,2027,1,projected_late_first,0.5610730371635125,projected_early_second,0.22884239515511412,1.0,0.0,0.5610730371635125,True,True,hypothetical_own_picks,"Hypothetical own-pick inventory; actual ownership, protections, swaps, and Stepien restrictions are not enforced."
PHI_2027_R2_OWN,2027 own Round 2 | early second,Philadelphia 76ers,Philadelphia 76ers,2027,2,projected_early_second,0.22884239515511412,projected_late_second,0.22884239515511412,1.0,0.0,0.22884239515511412,True,True,hypothetical_own_picks,"Hypothetical own-pick inventory; actual ownership, protections, swaps, and Stepien restrictions are not enforced."
PHI_2028_R1_OWN,2028 own Round 1 | late first,Philadelphia 76ers,Philadelphia 76ers,2028,1,projected_late_first,0.5610730371635125,projected_early_second,0.22884239515511412,0.85,0.15000000000000002,0.5112384408622528,True,True,hypothetical_own_picks,"Hypothetical own-pick inventory; actual ownership, protections, swaps, and Stepien restrictions are not enforced."
PHI_2028_R2_OWN,2028 own Round 2 | early second,Philadelphia 76ers,Philadelphia 76ers,2028,2,projected_early_second,0.22884239515511412,projected_late_second,0.22884239515511412,0.85,0.15000000000000002,0.22884239515511412,True,True,hypothetical_own_picks,"Hypothetical own-pick inventory; actual ownership, protections, swaps, and Stepien restrictions are not enforced."
PHI_2029_R1_OWN,2029 own Round 1 | late first,Philadelphia 76ers,Philadelphia 76ers,2029,1,projected_late_first,0.5610730371635125,projected_early_second,0.22884239515511412,0.65,0.35,0.4447923124605731,True,True,hypothetical_own_picks,"Hypothetical own-pick inventory; actual ownership, protections, swaps, and Stepien restrictions are not enforced."
PHI_2029_R2_OWN,2029 own Round 2 | early second,Philadelphia 76ers,Philadelphia 76ers,2029,2,projected_early_second,0.22884239515511412,projected_late_second,0.22884239515511412,0.65,0.35,0.22884239515511412,True,True,hypothetical_own_picks,"Hypothetical own-pick inventory; actual ownership, protections, swaps, and Stepien restrictions are not enforced."
PHX_2027_R1_OWN,2027 own Round 1 | late first,Phoenix Suns,Phoenix Suns,2027,1,projected_late_first,0.5610730371635125,projected_early_second,0.22884239515511412,1.0,0.0,0.5610730371635125,True,True,hypothetical_own_picks,"Hypothetical own-pick inventory; actual ownership, protections, swaps, and Stepien restrictions are not enforced."
PHX_2027_R2_OWN,2027 own Round 2 | early second,Phoenix Suns,Phoenix Suns,2027,2,projected_early_second,0.22884239515511412,projected_late_second,0.22884239515511412,1.0,0.0,0.22884239515511412,True,True,hypothetical_own_picks,"Hypothetical own-pick inventory; actual ownership, protections, swaps, and Stepien restrictions are not enforced."
PHX_2028_R1_OWN,2028 own Round 1 | late first,Phoenix Suns,Phoenix Suns,2028,1,projected_late_first,0.5610730371635125,projected_early_second,0.22884239515511412,0.85,0.15000000000000002,0.5112384408622528,True,True,hypothetical_own_picks,"Hypothetical own-pick inventory; actual ownership, protections, swaps, and Stepien restrictions are not enforced."
PHX_2028_R2_OWN,2028 own Round 2 | early second,Phoenix Suns,Phoenix Suns,2028,2,projected_early_second,0.22884239515511412,projected_late_second,0.22884239515511412,0.85,0.15000000000000002,0.22884239515511412,True,True,hypothetical_own_picks,"Hypothetical own-pick inventory; actual ownership, protections, swaps, and Stepien restrictions are not enforced."
PHX_2029_R1_OWN,2029 own Round 1 | late first,Phoenix Suns,Phoenix Suns,2029,1,projected_late_first,0.5610730371635125,projected_early_second,0.22884239515511412,0.65,0.35,0.4447923124605731,True,True,hypothetical_own_picks,"Hypothetical own-pick inventory; actual ownership, protections, swaps, and Stepien restrictions are not enforced."
PHX_2029_R2_OWN,2029 own Round 2 | early second,Phoenix Suns,Phoenix Suns,2029,2,projected_early_second,0.22884239515511412,projected_late_second,0.22884239515511412,0.65,0.35,0.22884239515511412,True,True,hypothetical_own_picks,"Hypothetical own-pick inventory; actual ownership, protections, swaps, and Stepien restrictions are not enforced."
POR_2027_R1_OWN,2027 own Round 1 | late first,Portland Trail Blazers,Portland Trail Blazers,2027,1,projected_late_first,0.5610730371635125,projected_early_second,0.22884239515511412,1.0,0.0,0.5610730371635125,True,True,hypothetical_own_picks,"Hypothetical own-pick inventory; actual ownership, protections, swaps, and Stepien restrictions are not enforced."
POR_2027_R2_OWN,2027 own Round 2 | early second,Portland Trail Blazers,Portland Trail Blazers,2027,2,projected_early_second,0.22884239515511412,projected_late_second,0.22884239515511412,1.0,0.0,0.22884239515511412,True,True,hypothetical_own_picks,"Hypothetical own-pick inventory; actual ownership, protections, swaps, and Stepien restrictions are not enforced."
POR_2028_R1_OWN,2028 own Round 1 | late first,Portland Trail Blazers,Portland Trail Blazers,2028,1,projected_late_first,0.5610730371635125,projected_early_second,0.22884239515511412,0.85,0.15000000000000002,0.5112384408622528,True,True,hypothetical_own_picks,"Hypothetical own-pick inventory; actual ownership, protections, swaps, and Stepien restrictions are not enforced."
POR_2028_R2_OWN,2028 own Round 2 | early second,Portland Trail Blazers,Portland Trail Blazers,2028,2,projected_early_second,0.22884239515511412,projected_late_second,0.22884239515511412,0.85,0.15000000000000002,0.22884239515511412,True,True,hypothetical_own_picks,"Hypothetical own-pick inventory; actual ownership, protections, swaps, and Stepien restrictions are not enforced."
POR_2029_R1_OWN,2029 own Round 1 | late first,Portland Trail Blazers,Portland Trail Blazers,2029,1,projected_late_first,0.5610730371635125,projected_early_second,0.22884239515511412,0.65,0.35,0.4447923124605731,True,True,hypothetical_own_picks,"Hypothetical own-pick inventory; actual ownership, protections, swaps, and Stepien restrictions are not enforced."
POR_2029_R2_OWN,2029 own Round 2 | early second,Portland Trail Blazers,Portland Trail Blazers,2029,2,projected_early_second,0.22884239515511412,projected_late_second,0.22884239515511412,0.65,0.35,0.22884239515511412,True,True,hypothetical_own_picks,"Hypothetical own-pick inventory; actual ownership, protections, swaps, and Stepien restrictions are not enforced."
SAC_2027_R1_OWN,2027 own Round 1 | late first,Sacramento Kings,Sacramento Kings,2027,1,projected_late_first,0.5610730371635125,projected_early_second,0.22884239515511412,1.0,0.0,0.5610730371635125,True,True,hypothetical_own_picks,"Hypothetical own-pick inventory; actual ownership, protections, swaps, and Stepien restrictions are not enforced."
SAC_2027_R2_OWN,2027 own Round 2 | early second,Sacramento Kings,Sacramento Kings,2027,2,projected_early_second,0.22884239515511412,projected_late_second,0.22884239515511412,1.0,0.0,0.22884239515511412,True,True,hypothetical_own_picks,"Hypothetical own-pick inventory; actual ownership, protections, swaps, and Stepien restrictions are not enforced."
SAC_2028_R1_OWN,2028 own Round 1 | late first,Sacramento Kings,Sacramento Kings,2028,1,projected_late_first,0.5610730371635125,projected_early_second,0.22884239515511412,0.85,0.15000000000000002,0.5112384408622528,True,True,hypothetical_own_picks,"Hypothetical own-pick inventory; actual ownership, protections, swaps, and Stepien restrictions are not enforced."
SAC_2028_R2_OWN,2028 own Round 2 | early second,Sacramento Kings,Sacramento Kings,2028,2,projected_early_second,0.22884239515511412,projected_late_second,0.22884239515511412,0.85,0.15000000000000002,0.22884239515511412,True,True,hypothetical_own_picks,"Hypothetical own-pick inventory; actual ownership, protections, swaps, and Stepien restrictions are not enforced."
SAC_2029_R1_OWN,2029 own Round 1 | late first,Sacramento Kings,Sacramento Kings,2029,1,projected_late_first,0.5610730371635125,projected_early_second,0.22884239515511412,0.65,0.35,0.4447923124605731,True,True,hypothetical_own_picks,"Hypothetical own-pick inventory; actual ownership, protections, swaps, and Stepien restrictions are not enforced."
SAC_2029_R2_OWN,2029 own Round 2 | early second,Sacramento Kings,Sacramento Kings,2029,2,projected_early_second,0.22884239515511412,projected_late_second,0.22884239515511412,0.65,0.35,0.22884239515511412,True,True,hypothetical_own_picks,"Hypothetical own-pick inventory; actual ownership, protections, swaps, and Stepien restrictions are not enforced."
SAS_2027_R1_OWN,2027 own Round 1 | late first,San Antonio Spurs,San Antonio Spurs,2027,1,projected_late_first,0.5610730371635125,projected_early_second,0.22884239515511412,1.0,0.0,0.5610730371635125,True,True,hypothetical_own_picks,"Hypothetical own-pick inventory; actual ownership, protections, swaps, and Stepien restrictions are not enforced."
SAS_2027_R2_OWN,2027 own Round 2 | early second,San Antonio Spurs,San Antonio Spurs,2027,2,projected_early_second,0.22884239515511412,projected_late_second,0.22884239515511412,1.0,0.0,0.22884239515511412,True,True,hypothetical_own_picks,"Hypothetical own-pick inventory; actual ownership, protections, swaps, and Stepien restrictions are not enforced."
SAS_2028_R1_OWN,2028 own Round 1 | late first,San Antonio Spurs,San Antonio Spurs,2028,1,projected_late_first,0.5610730371635125,projected_early_second,0.22884239515511412,0.85,0.15000000000000002,0.5112384408622528,True,True,hypothetical_own_picks,"Hypothetical own-pick inventory; actual ownership, protections, swaps, and Stepien restrictions are not enforced."
SAS_2028_R2_OWN,2028 own Round 2 | early second,San Antonio Spurs,San Antonio Spurs,2028,2,projected_early_second,0.22884239515511412,projected_late_second,0.22884239515511412,0.85,0.15000000000000002,0.22884239515511412,True,True,hypothetical_own_picks,"Hypothetical own-pick inventory; actual ownership, protections, swaps, and Stepien restrictions are not enforced."
SAS_2029_R1_OWN,2029 own Round 1 | late first,San Antonio Spurs,San Antonio Spurs,2029,1,projected_late_first,0.5610730371635125,projected_early_second,0.22884239515511412,0.65,0.35,0.4447923124605731,True,True,hypothetical_own_picks,"Hypothetical own-pick inventory; actual ownership, protections, swaps, and Stepien restrictions are not enforced."
SAS_2029_R2_OWN,2029 own Round 2 | early second,San Antonio Spurs,San Antonio Spurs,2029,2,projected_early_second,0.22884239515511412,projected_late_second,0.22884239515511412,0.65,0.35,0.22884239515511412,True,True,hypothetical_own_picks,"Hypothetical own-pick inventory; actual ownership, protections, swaps, and Stepien restrictions are not enforced."
TOR_2027_R1_OWN,2027 own Round 1 | late first,Toronto Raptors,Toronto Raptors,2027,1,projected_late_first,0.5610730371635125,projected_early_second,0.22884239515511412,1.0,0.0,0.5610730371635125,True,True,hypothetical_own_picks,"Hypothetical own-pick inventory; actual ownership, protections, swaps, and Stepien restrictions are not enforced."
TOR_2027_R2_OWN,2027 own Round 2 | early second,Toronto Raptors,Toronto Raptors,2027,2,projected_early_second,0.22884239515511412,projected_late_second,0.22884239515511412,1.0,0.0,0.22884239515511412,True,True,hypothetical_own_picks,"Hypothetical own-pick inventory; actual ownership, protections, swaps, and Stepien restrictions are not enforced."
TOR_2028_R1_OWN,2028 own Round 1 | late first,Toronto Raptors,Toronto Raptors,2028,1,projected_late_first,0.5610730371635125,projected_early_second,0.22884239515511412,0.85,0.15000000000000002,0.5112384408622528,True,True,hypothetical_own_picks,"Hypothetical own-pick inventory; actual ownership, protections, swaps, and Stepien restrictions are not enforced."
TOR_2028_R2_OWN,2028 own Round 2 | early second,Toronto Raptors,Toronto Raptors,2028,2,projected_early_second,0.22884239515511412,projected_late_second,0.22884239515511412,0.85,0.15000000000000002,0.22884239515511412,True,True,hypothetical_own_picks,"Hypothetical own-pick inventory; actual ownership, protections, swaps, and Stepien restrictions are not enforced."
TOR_2029_R1_OWN,2029 own Round 1 | late first,Toronto Raptors,Toronto Raptors,2029,1,projected_late_first,0.5610730371635125,projected_early_second,0.22884239515511412,0.65,0.35,0.4447923124605731,True,True,hypothetical_own_picks,"Hypothetical own-pick inventory; actual ownership, protections, swaps, and Stepien restrictions are not enforced."
TOR_2029_R2_OWN,2029 own Round 2 | early second,Toronto Raptors,Toronto Raptors,2029,2,projected_early_second,0.22884239515511412,projected_late_second,0.22884239515511412,0.65,0.35,0.22884239515511412,True,True,hypothetical_own_picks,"Hypothetical own-pick inventory; actual ownership, protections, swaps, and Stepien restrictions are not enforced."
UTA_2027_R1_OWN,2027 own Round 1 | late first,Utah Jazz,Utah Jazz,2027,1,projected_late_first,0.5610730371635125,projected_early_second,0.22884239515511412,1.0,0.0,0.5610730371635125,True,True,hypothetical_own_picks,"Hypothetical own-pick inventory; actual ownership, protections, swaps, and Stepien restrictions are not enforced."
UTA_2027_R2_OWN,2027 own Round 2 | early second,Utah Jazz,Utah Jazz,2027,2,projected_early_second,0.22884239515511412,projected_late_second,0.22884239515511412,1.0,0.0,0.22884239515511412,True,True,hypothetical_own_picks,"Hypothetical own-pick inventory; actual ownership, protections, swaps, and Stepien restrictions are not enforced."
UTA_2028_R1_OWN,2028 own Round 1 | late first,Utah Jazz,Utah Jazz,2028,1,projected_late_first,0.5610730371635125,projected_early_second,0.22884239515511412,0.85,0.15000000000000002,0.5112384408622528,True,True,hypothetical_own_picks,"Hypothetical own-pick inventory; actual ownership, protections, swaps, and Stepien restrictions are not enforced."
UTA_2028_R2_OWN,2028 own Round 2 | early second,Utah Jazz,Utah Jazz,2028,2,projected_early_second,0.22884239515511412,projected_late_second,0.22884239515511412,0.85,0.15000000000000002,0.22884239515511412,True,True,hypothetical_own_picks,"Hypothetical own-pick inventory; actual ownership, protections, swaps, and Stepien restrictions are not enforced."
UTA_2029_R1_OWN,2029 own Round 1 | late first,Utah Jazz,Utah Jazz,2029,1,projected_late_first,0.5610730371635125,projected_early_second,0.22884239515511412,0.65,0.35,0.4447923124605731,True,True,hypothetical_own_picks,"Hypothetical own-pick inventory; actual ownership, protections, swaps, and Stepien restrictions are not enforced."
UTA_2029_R2_OWN,2029 own Round 2 | early second,Utah Jazz,Utah Jazz,2029,2,projected_early_second,0.22884239515511412,projected_late_second,0.22884239515511412,0.65,0.35,0.22884239515511412,True,True,hypothetical_own_picks,"Hypothetical own-pick inventory; actual ownership, protections, swaps, and Stepien restrictions are not enforced."
WAS_2027_R1_OWN,2027 own Round 1 | late first,Washington Wizards,Washington Wizards,2027,1,projected_late_first,0.5610730371635125,projected_early_second,0.22884239515511412,1.0,0.0,0.5610730371635125,True,True,hypothetical_own_picks,"Hypothetical own-pick inventory; actual ownership, protections, swaps, and Stepien restrictions are not enforced."
WAS_2027_R2_OWN,2027 own Round 2 | early second,Washington Wizards,Washington Wizards,2027,2,projected_early_second,0.22884239515511412,projected_late_second,0.22884239515511412,1.0,0.0,0.22884239515511412,True,True,hypothetical_own_picks,"Hypothetical own-pick inventory; actual ownership, protections, swaps, and Stepien restrictions are not enforced."
WAS_2028_R1_OWN,2028 own Round 1 | late first,Washington Wizards,Washington Wizards,2028,1,projected_late_first,0.5610730371635125,projected_early_second,0.22884239515511412,0.85,0.15000000000000002,0.5112384408622528,True,True,hypothetical_own_picks,"Hypothetical own-pick inventory; actual ownership, protections, swaps, and Stepien restrictions are not enforced."
WAS_2028_R2_OWN,2028 own Round 2 | early second,Washington Wizards,Washington Wizards,2028,2,projected_early_second,0.22884239515511412,projected_late_second,0.22884239515511412,0.85,0.15000000000000002,0.22884239515511412,True,True,hypothetical_own_picks,"Hypothetical own-pick inventory; actual ownership, protections, swaps, and Stepien restrictions are not enforced."
WAS_2029_R1_OWN,2029 own Round 1 | late first,Washington Wizards,Washington Wizards,2029,1,projected_late_first,0.5610730371635125,projected_early_second,0.22884239515511412,0.65,0.35,0.4447923124605731,True,True,hypothetical_own_picks,"Hypothetical own-pick inventory; actual ownership, protections, swaps, and Stepien restrictions are not enforced."
WAS_2029_R2_OWN,2029 own Round 2 | early second,Washington Wizards,Washington Wizards,2029,2,projected_early_second,0.22884239515511412,projected_late_second,0.22884239515511412,0.65,0.35,0.22884239515511412,True,True,hypothetical_own_picks,"Hypothetical own-pick inventory; actual ownership, protections, swaps, and Stepien restrictions are not enforced."
