,Season,teamID,Wins,teamName,Losses,Games,season_start_year,season_start_date,season_end_date
0,1976-77,1610612737,31,Hawks,51,82,1976,1976-10-21,1977-04-10
1,1976-77,1610612738,44,Celtics,38,82,1976,1976-10-21,1977-04-10
2,1976-77,1610612739,43,Cavaliers,39,82,1976,1976-10-21,1977-04-10
3,1976-77,1610612741,44,Bulls,38,82,1976,1976-10-21,1977-04-10
4,1976-77,1610612743,50,Nuggets,32,82,1976,1976-10-21,1977-04-10
5,1976-77,1610612744,46,Warriors,36,82,1976,1976-10-21,1977-04-10
6,1976-77,1610612745,49,Rockets,33,82,1976,1976-10-21,1977-04-10
7,1976-77,1610612746,30,Braves,52,82,1976,1976-10-21,1977-04-10
8,1976-77,1610612747,53,Lakers,29,82,1976,1976-10-21,1977-04-10
9,1976-77,1610612749,30,Bucks,52,82,1976,1976-10-21,1977-04-10
10,1976-77,1610612751,22,Nets,60,82,1976,1976-10-21,1977-04-10
11,1976-77,1610612752,40,Knicks,42,82,1976,1976-10-21,1977-04-10
12,1976-77,1610612754,36,Pacers,46,82,1976,1976-10-21,1977-04-10
13,1976-77,1610612755,50,76ers,32,82,1976,1976-10-21,1977-04-10
14,1976-77,1610612756,34,Suns,48,82,1976,1976-10-21,1977-04-10
15,1976-77,1610612757,49,Trail Blazers,33,82,1976,1976-10-21,1977-04-10
16,1976-77,1610612758,40,Kings,42,82,1976,1976-10-21,1977-04-10
17,1976-77,1610612759,44,Spurs,38,82,1976,1976-10-21,1977-04-10
18,1976-77,1610612760,40,SuperSonics,42,82,1976,1976-10-21,1977-04-10
19,1976-77,1610612762,35,Jazz,47,82,1976,1976-10-21,1977-04-10
20,1976-77,1610612764,48,Bullets,34,82,1976,1976-10-21,1977-04-10
21,1976-77,1610612765,44,Pistons,38,82,1976,1976-10-21,1977-04-10
22,1977-78,1610612737,41,Hawks,41,82,1977,1977-10-18,1978-04-09
23,1977-78,1610612738,32,Celtics,50,82,1977,1977-10-18,1978-04-09
24,1977-78,1610612739,43,Cavaliers,39,82,1977,1977-10-18,1978-04-09
25,1977-78,1610612741,40,Bulls,42,82,1977,1977-10-18,1978-04-09
26,1977-78,1610612743,48,Nuggets,34,82,1977,1977-10-18,1978-04-09
27,1977-78,1610612744,43,Warriors,39,82,1977,1977-10-18,1978-04-09
28,1977-78,1610612745,28,Rockets,54,82,1977,1977-10-18,1978-04-09
29,1977-78,1610612746,27,Braves,55,82,1977,1977-10-18,1978-04-09
30,1977-78,1610612747,45,Lakers,37,82,1977,1977-10-18,1978-04-09
31,1977-78,1610612749,44,Bucks,38,82,1977,1977-10-18,1978-04-09
32,1977-78,1610612751,24,Nets,58,82,1977,1977-10-18,1978-04-09
33,1977-78,1610612752,43,Knicks,39,82,1977,1977-10-18,1978-04-09
34,1977-78,1610612754,31,Pacers,51,82,1977,1977-10-18,1978-04-09
35,1977-78,1610612755,55,76ers,27,82,1977,1977-10-18,1978-04-09
36,1977-78,1610612756,49,Suns,33,82,1977,1977-10-18,1978-04-09
37,1977-78,1610612757,58,Trail Blazers,24,82,1977,1977-10-18,1978-04-09
38,1977-78,1610612758,31,Kings,51,82,1977,1977-10-18,1978-04-09
39,1977-78,1610612759,52,Spurs,30,82,1977,1977-10-18,1978-04-09
40,1977-78,1610612760,47,SuperSonics,35,82,1977,1977-10-18,1978-04-09
41,1977-78,1610612762,39,Jazz,43,82,1977,1977-10-18,1978-04-09
42,1977-78,1610612764,44,Bullets,38,82,1977,1977-10-18,1978-04-09
43,1977-78,1610612765,38,Pistons,44,82,1977,1977-10-18,1978-04-09
44,1978-79,1610612737,46,Hawks,36,82,1978,1978-10-13,1979-04-08
45,1978-79,1610612738,29,Celtics,53,82,1978,1978-10-13,1979-04-08
46,1978-79,1610612739,30,Cavaliers,52,82,1978,1978-10-13,1979-04-08
47,1978-79,1610612741,31,Bulls,51,82,1978,1978-10-13,1979-04-08
48,1978-79,1610612743,47,Nuggets,35,82,1978,1978-10-13,1979-04-08
49,1978-79,1610612744,38,Warriors,44,82,1978,1978-10-13,1979-04-08
50,1978-79,1610612745,47,Rockets,35,82,1978,1978-10-13,1979-04-08
51,1978-79,1610612746,43,Clippers,39,82,1978,1978-10-13,1979-04-08
52,1978-79,1610612747,47,Lakers,35,82,1978,1978-10-13,1979-04-08
53,1978-79,1610612749,38,Bucks,44,82,1978,1978-10-13,1979-04-08
54,1978-79,1610612751,37,Nets,45,82,1978,1978-10-13,1979-04-08
55,1978-79,1610612752,31,Knicks,51,82,1978,1978-10-13,1979-04-08
56,1978-79,1610612754,38,Pacers,44,82,1978,1978-10-13,1979-04-08
57,1978-79,1610612755,47,76ers,35,82,1978,1978-10-13,1979-04-08
58,1978-79,1610612756,50,Suns,32,82,1978,1978-10-13,1979-04-08
59,1978-79,1610612757,45,Trail Blazers,37,82,1978,1978-10-13,1979-04-08
60,1978-79,1610612758,48,Kings,34,82,1978,1978-10-13,1979-04-08
61,1978-79,1610612759,48,Spurs,34,82,1978,1978-10-13,1979-04-08
62,1978-79,1610612760,52,SuperSonics,30,82,1978,1978-10-13,1979-04-08
63,1978-79,1610612762,26,Jazz,56,82,1978,1978-10-13,1979-04-08
64,1978-79,1610612764,54,Bullets,28,82,1978,1978-10-13,1979-04-08
65,1978-79,1610612765,30,Pistons,52,82,1978,1978-10-13,1979-04-08
66,1979-80,1610612737,50,Hawks,32,82,1979,1979-10-12,1980-03-30
67,1979-80,1610612738,61,Celtics,21,82,1979,1979-10-12,1980-03-30
68,1979-80,1610612739,37,Cavaliers,45,82,1979,1979-10-12,1980-03-30
69,1979-80,1610612741,30,Bulls,52,82,1979,1979-10-12,1980-03-30
70,1979-80,1610612743,30,Nuggets,52,82,1979,1979-10-12,1980-03-30
71,1979-80,1610612744,24,Warriors,58,82,1979,1979-10-12,1980-03-30
72,1979-80,1610612745,41,Rockets,41,82,1979,1979-10-12,1980-03-30
73,1979-80,1610612746,35,Clippers,47,82,1979,1979-10-12,1980-03-30
74,1979-80,1610612747,60,Lakers,22,82,1979,1979-10-12,1980-03-30
75,1979-80,1610612749,49,Bucks,33,82,1979,1979-10-12,1980-03-30
76,1979-80,1610612751,34,Nets,48,82,1979,1979-10-12,1980-03-30
77,1979-80,1610612752,39,Knicks,43,82,1979,1979-10-12,1980-03-30
78,1979-80,1610612754,37,Pacers,45,82,1979,1979-10-12,1980-03-30
79,1979-80,1610612755,59,76ers,23,82,1979,1979-10-12,1980-03-30
80,1979-80,1610612756,55,Suns,27,82,1979,1979-10-12,1980-03-30
81,1979-80,1610612757,38,Trail Blazers,44,82,1979,1979-10-12,1980-03-30
82,1979-80,1610612758,47,Kings,35,82,1979,1979-10-12,1980-03-30
83,1979-80,1610612759,41,Spurs,41,82,1979,1979-10-12,1980-03-30
84,1979-80,1610612760,56,SuperSonics,26,82,1979,1979-10-12,1980-03-30
85,1979-80,1610612762,24,Jazz,58,82,1979,1979-10-12,1980-03-30
86,1979-80,1610612764,39,Bullets,43,82,1979,1979-10-12,1980-03-30
87,1979-80,1610612765,16,Pistons,66,82,1979,1979-10-12,1980-03-30
88,1980-81,1610612737,31,Hawks,51,82,1980,1980-10-10,1981-03-29
89,1980-81,1610612738,62,Celtics,20,82,1980,1980-10-10,1981-03-29
90,1980-81,1610612739,28,Cavaliers,54,82,1980,1980-10-10,1981-03-29
91,1980-81,1610612741,45,Bulls,37,82,1980,1980-10-10,1981-03-29
92,1980-81,1610612742,15,Mavericks,67,82,1980,1980-10-10,1981-03-29
93,1980-81,1610612743,37,Nuggets,45,82,1980,1980-10-10,1981-03-29
94,1980-81,1610612744,39,Warriors,43,82,1980,1980-10-10,1981-03-29
95,1980-81,1610612745,40,Rockets,42,82,1980,1980-10-10,1981-03-29
96,1980-81,1610612746,36,Clippers,46,82,1980,1980-10-10,1981-03-29
97,1980-81,1610612747,54,Lakers,28,82,1980,1980-10-10,1981-03-29
98,1980-81,1610612749,60,Bucks,22,82,1980,1980-10-10,1981-03-29
99,1980-81,1610612751,24,Nets,58,82,1980,1980-10-10,1981-03-29
100,1980-81,1610612752,50,Knicks,32,82,1980,1980-10-10,1981-03-29
101,1980-81,1610612754,44,Pacers,38,82,1980,1980-10-10,1981-03-29
102,1980-81,1610612755,62,76ers,20,82,1980,1980-10-10,1981-03-29
103,1980-81,1610612756,57,Suns,25,82,1980,1980-10-10,1981-03-29
104,1980-81,1610612757,45,Trail Blazers,37,82,1980,1980-10-10,1981-03-29
105,1980-81,1610612758,40,Kings,42,82,1980,1980-10-10,1981-03-29
106,1980-81,1610612759,52,Spurs,30,82,1980,1980-10-10,1981-03-29
107,1980-81,1610612760,34,SuperSonics,48,82,1980,1980-10-10,1981-03-29
108,1980-81,1610612762,28,Jazz,54,82,1980,1980-10-10,1981-03-29
109,1980-81,1610612764,39,Bullets,43,82,1980,1980-10-10,1981-03-29
110,1980-81,1610612765,21,Pistons,61,82,1980,1980-10-10,1981-03-29
111,1981-82,1610612737,42,Hawks,40,82,1981,1981-10-30,1982-04-18
112,1981-82,1610612738,63,Celtics,19,82,1981,1981-10-30,1982-04-18
113,1981-82,1610612739,15,Cavaliers,67,82,1981,1981-10-30,1982-04-18
114,1981-82,1610612741,34,Bulls,48,82,1981,1981-10-30,1982-04-18
115,1981-82,1610612742,28,Mavericks,54,82,1981,1981-10-30,1982-04-18
116,1981-82,1610612743,46,Nuggets,36,82,1981,1981-10-30,1982-04-18
117,1981-82,1610612744,45,Warriors,37,82,1981,1981-10-30,1982-04-18
118,1981-82,1610612745,46,Rockets,36,82,1981,1981-10-30,1982-04-18
119,1981-82,1610612746,17,Clippers,65,82,1981,1981-10-30,1982-04-18
120,1981-82,1610612747,57,Lakers,25,82,1981,1981-10-30,1982-04-18
121,1981-82,1610612749,55,Bucks,27,82,1981,1981-10-30,1982-04-18
122,1981-82,1610612751,44,Nets,38,82,1981,1981-10-30,1982-04-18
123,1981-82,1610612752,33,Knicks,49,82,1981,1981-10-30,1982-04-18
124,1981-82,1610612754,35,Pacers,47,82,1981,1981-10-30,1982-04-18
125,1981-82,1610612755,58,76ers,24,82,1981,1981-10-30,1982-04-18
126,1981-82,1610612756,46,Suns,36,82,1981,1981-10-30,1982-04-18
127,1981-82,1610612757,42,Trail Blazers,40,82,1981,1981-10-30,1982-04-18
128,1981-82,1610612758,30,Kings,52,82,1981,1981-10-30,1982-04-18
129,1981-82,1610612759,48,Spurs,34,82,1981,1981-10-30,1982-04-18
130,1981-82,1610612760,52,SuperSonics,30,82,1981,1981-10-30,1982-04-18
131,1981-82,1610612762,25,Jazz,57,82,1981,1981-10-30,1982-04-18
132,1981-82,1610612764,43,Bullets,39,82,1981,1981-10-30,1982-04-18
133,1981-82,1610612765,39,Pistons,43,82,1981,1981-10-30,1982-04-18
134,1982-83,1610612737,43,Hawks,39,82,1982,1982-10-29,1983-04-17
135,1982-83,1610612738,56,Celtics,26,82,1982,1982-10-29,1983-04-17
136,1982-83,1610612739,23,Cavaliers,59,82,1982,1982-10-29,1983-04-17
137,1982-83,1610612741,28,Bulls,54,82,1982,1982-10-29,1983-04-17
138,1982-83,1610612742,38,Mavericks,44,82,1982,1982-10-29,1983-04-17
139,1982-83,1610612743,45,Nuggets,37,82,1982,1982-10-29,1983-04-17
140,1982-83,1610612744,30,Warriors,52,82,1982,1982-10-29,1983-04-17
141,1982-83,1610612745,14,Rockets,68,82,1982,1982-10-29,1983-04-17
142,1982-83,1610612746,25,Clippers,57,82,1982,1982-10-29,1983-04-17
143,1982-83,1610612747,58,Lakers,24,82,1982,1982-10-29,1983-04-17
144,1982-83,1610612749,51,Bucks,31,82,1982,1982-10-29,1983-04-17
145,1982-83,1610612751,49,Nets,33,82,1982,1982-10-29,1983-04-17
146,1982-83,1610612752,44,Knicks,38,82,1982,1982-10-29,1983-04-17
147,1982-83,1610612754,20,Pacers,62,82,1982,1982-10-29,1983-04-17
148,1982-83,1610612755,65,76ers,17,82,1982,1982-10-29,1983-04-17
149,1982-83,1610612756,53,Suns,29,82,1982,1982-10-29,1983-04-17
150,1982-83,1610612757,46,Trail Blazers,36,82,1982,1982-10-29,1983-04-17
151,1982-83,1610612758,45,Kings,37,82,1982,1982-10-29,1983-04-17
152,1982-83,1610612759,53,Spurs,29,82,1982,1982-10-29,1983-04-17
153,1982-83,1610612760,48,SuperSonics,34,82,1982,1982-10-29,1983-04-17
154,1982-83,1610612762,30,Jazz,52,82,1982,1982-10-29,1983-04-17
155,1982-83,1610612764,42,Bullets,40,82,1982,1982-10-29,1983-04-17
156,1982-83,1610612765,37,Pistons,45,82,1982,1982-10-29,1983-04-17
157,1983-84,1610612737,40,Hawks,42,82,1983,1983-10-28,1984-04-15
158,1983-84,1610612738,62,Celtics,20,82,1983,1983-10-28,1984-04-15
159,1983-84,1610612739,28,Cavaliers,54,82,1983,1983-10-28,1984-04-15
160,1983-84,1610612741,27,Bulls,55,82,1983,1983-10-28,1984-04-15
161,1983-84,1610612742,43,Mavericks,39,82,1983,1983-10-28,1984-04-15
162,1983-84,1610612743,38,Nuggets,44,82,1983,1983-10-28,1984-04-15
163,1983-84,1610612744,37,Warriors,45,82,1983,1983-10-28,1984-04-15
164,1983-84,1610612745,29,Rockets,53,82,1983,1983-10-28,1984-04-15
165,1983-84,1610612746,30,Clippers,52,82,1983,1983-10-28,1984-04-15
166,1983-84,1610612747,54,Lakers,28,82,1983,1983-10-28,1984-04-15
167,1983-84,1610612749,50,Bucks,32,82,1983,1983-10-28,1984-04-15
168,1983-84,1610612751,45,Nets,37,82,1983,1983-10-28,1984-04-15
169,1983-84,1610612752,47,Knicks,35,82,1983,1983-10-28,1984-04-15
170,1983-84,1610612754,26,Pacers,56,82,1983,1983-10-28,1984-04-15
171,1983-84,1610612755,52,76ers,30,82,1983,1983-10-28,1984-04-15
172,1983-84,1610612756,41,Suns,41,82,1983,1983-10-28,1984-04-15
173,1983-84,1610612757,48,Trail Blazers,34,82,1983,1983-10-28,1984-04-15
174,1983-84,1610612758,38,Kings,44,82,1983,1983-10-28,1984-04-15
175,1983-84,1610612759,37,Spurs,45,82,1983,1983-10-28,1984-04-15
176,1983-84,1610612760,42,SuperSonics,40,82,1983,1983-10-28,1984-04-15
177,1983-84,1610612762,45,Jazz,37,82,1983,1983-10-28,1984-04-15
178,1983-84,1610612764,35,Bullets,47,82,1983,1983-10-28,1984-04-15
179,1983-84,1610612765,49,Pistons,33,82,1983,1983-10-28,1984-04-15
180,1984-85,1610612737,34,Hawks,48,82,1984,1984-10-26,1985-04-14
181,1984-85,1610612738,63,Celtics,19,82,1984,1984-10-26,1985-04-14
182,1984-85,1610612739,36,Cavaliers,46,82,1984,1984-10-26,1985-04-14
183,1984-85,1610612741,38,Bulls,44,82,1984,1984-10-26,1985-04-14
184,1984-85,1610612742,44,Mavericks,38,82,1984,1984-10-26,1985-04-14
185,1984-85,1610612743,52,Nuggets,30,82,1984,1984-10-26,1985-04-14
186,1984-85,1610612744,22,Warriors,60,82,1984,1984-10-26,1985-04-14
187,1984-85,1610612745,48,Rockets,34,82,1984,1984-10-26,1985-04-14
188,1984-85,1610612746,31,Clippers,51,82,1984,1984-10-26,1985-04-14
189,1984-85,1610612747,62,Lakers,20,82,1984,1984-10-26,1985-04-14
190,1984-85,1610612749,59,Bucks,23,82,1984,1984-10-26,1985-04-14
191,1984-85,1610612751,42,Nets,40,82,1984,1984-10-26,1985-04-14
192,1984-85,1610612752,24,Knicks,58,82,1984,1984-10-26,1985-04-14
193,1984-85,1610612754,22,Pacers,60,82,1984,1984-10-26,1985-04-14
194,1984-85,1610612755,58,76ers,24,82,1984,1984-10-26,1985-04-14
195,1984-85,1610612756,36,Suns,46,82,1984,1984-10-26,1985-04-14
196,1984-85,1610612757,42,Trail Blazers,40,82,1984,1984-10-26,1985-04-14
197,1984-85,1610612758,31,Kings,51,82,1984,1984-10-26,1985-04-14
198,1984-85,1610612759,41,Spurs,41,82,1984,1984-10-26,1985-04-14
199,1984-85,1610612760,31,SuperSonics,51,82,1984,1984-10-26,1985-04-14
200,1984-85,1610612762,41,Jazz,41,82,1984,1984-10-26,1985-04-14
201,1984-85,1610612764,40,Bullets,42,82,1984,1984-10-26,1985-04-14
202,1984-85,1610612765,46,Pistons,36,82,1984,1984-10-26,1985-04-14
203,1985-86,1610612737,50,Hawks,32,82,1985,1985-10-25,1986-04-13
204,1985-86,1610612738,67,Celtics,15,82,1985,1985-10-25,1986-04-13
205,1985-86,1610612739,29,Cavaliers,53,82,1985,1985-10-25,1986-04-13
206,1985-86,1610612741,30,Bulls,52,82,1985,1985-10-25,1986-04-13
207,1985-86,1610612742,44,Mavericks,38,82,1985,1985-10-25,1986-04-13
208,1985-86,1610612743,47,Nuggets,35,82,1985,1985-10-25,1986-04-13
209,1985-86,1610612744,30,Warriors,52,82,1985,1985-10-25,1986-04-13
210,1985-86,1610612745,51,Rockets,31,82,1985,1985-10-25,1986-04-13
211,1985-86,1610612746,32,Clippers,50,82,1985,1985-10-25,1986-04-13
212,1985-86,1610612747,62,Lakers,20,82,1985,1985-10-25,1986-04-13
213,1985-86,1610612749,57,Bucks,25,82,1985,1985-10-25,1986-04-13
214,1985-86,1610612751,39,Nets,43,82,1985,1985-10-25,1986-04-13
215,1985-86,1610612752,23,Knicks,59,82,1985,1985-10-25,1986-04-13
216,1985-86,1610612754,26,Pacers,56,82,1985,1985-10-25,1986-04-13
217,1985-86,1610612755,54,76ers,28,82,1985,1985-10-25,1986-04-13
218,1985-86,1610612756,32,Suns,50,82,1985,1985-10-25,1986-04-13
219,1985-86,1610612757,40,Trail Blazers,42,82,1985,1985-10-25,1986-04-13
220,1985-86,1610612758,37,Kings,45,82,1985,1985-10-25,1986-04-13
221,1985-86,1610612759,35,Spurs,47,82,1985,1985-10-25,1986-04-13
222,1985-86,1610612760,31,SuperSonics,51,82,1985,1985-10-25,1986-04-13
223,1985-86,1610612762,42,Jazz,40,82,1985,1985-10-25,1986-04-13
224,1985-86,1610612764,39,Bullets,43,82,1985,1985-10-25,1986-04-13
225,1985-86,1610612765,46,Pistons,36,82,1985,1985-10-25,1986-04-13
226,1986-87,1610612737,57,Hawks,25,82,1986,1986-10-31,1987-04-19
227,1986-87,1610612738,59,Celtics,23,82,1986,1986-10-31,1987-04-19
228,1986-87,1610612739,31,Cavaliers,51,82,1986,1986-10-31,1987-04-19
229,1986-87,1610612741,40,Bulls,42,82,1986,1986-10-31,1987-04-19
230,1986-87,1610612742,55,Mavericks,27,82,1986,1986-10-31,1987-04-19
231,1986-87,1610612743,37,Nuggets,45,82,1986,1986-10-31,1987-04-19
232,1986-87,1610612744,42,Warriors,40,82,1986,1986-10-31,1987-04-19
233,1986-87,1610612745,42,Rockets,40,82,1986,1986-10-31,1987-04-19
234,1986-87,1610612746,12,Clippers,70,82,1986,1986-10-31,1987-04-19
235,1986-87,1610612747,65,Lakers,17,82,1986,1986-10-31,1987-04-19
236,1986-87,1610612749,50,Bucks,32,82,1986,1986-10-31,1987-04-19
237,1986-87,1610612751,24,Nets,58,82,1986,1986-10-31,1987-04-19
238,1986-87,1610612752,24,Knicks,58,82,1986,1986-10-31,1987-04-19
239,1986-87,1610612754,41,Pacers,41,82,1986,1986-10-31,1987-04-19
240,1986-87,1610612755,45,76ers,37,82,1986,1986-10-31,1987-04-19
241,1986-87,1610612756,36,Suns,46,82,1986,1986-10-31,1987-04-19
242,1986-87,1610612757,49,Trail Blazers,33,82,1986,1986-10-31,1987-04-19
243,1986-87,1610612758,29,Kings,53,82,1986,1986-10-31,1987-04-19
244,1986-87,1610612759,28,Spurs,54,82,1986,1986-10-31,1987-04-19
245,1986-87,1610612760,39,SuperSonics,43,82,1986,1986-10-31,1987-04-19
246,1986-87,1610612762,44,Jazz,38,82,1986,1986-10-31,1987-04-19
247,1986-87,1610612764,42,Bullets,40,82,1986,1986-10-31,1987-04-19
248,1986-87,1610612765,52,Pistons,30,82,1986,1986-10-31,1987-04-19
249,1987-88,1610612737,50,Hawks,32,82,1987,1987-11-06,1988-04-24
250,1987-88,1610612738,57,Celtics,25,82,1987,1987-11-06,1988-04-24
251,1987-88,1610612739,42,Cavaliers,40,82,1987,1987-11-06,1988-04-24
252,1987-88,1610612741,50,Bulls,32,82,1987,1987-11-06,1988-04-24
253,1987-88,1610612742,53,Mavericks,29,82,1987,1987-11-06,1988-04-24
254,1987-88,1610612743,54,Nuggets,28,82,1987,1987-11-06,1988-04-24
255,1987-88,1610612744,20,Warriors,62,82,1987,1987-11-06,1988-04-24
256,1987-88,1610612745,46,Rockets,36,82,1987,1987-11-06,1988-04-24
257,1987-88,1610612746,17,Clippers,65,82,1987,1987-11-06,1988-04-24
258,1987-88,1610612747,62,Lakers,20,82,1987,1987-11-06,1988-04-24
259,1987-88,1610612749,42,Bucks,40,82,1987,1987-11-06,1988-04-24
260,1987-88,1610612751,19,Nets,63,82,1987,1987-11-06,1988-04-24
261,1987-88,1610612752,38,Knicks,44,82,1987,1987-11-06,1988-04-24
262,1987-88,1610612754,38,Pacers,44,82,1987,1987-11-06,1988-04-24
263,1987-88,1610612755,36,76ers,46,82,1987,1987-11-06,1988-04-24
264,1987-88,1610612756,28,Suns,54,82,1987,1987-11-06,1988-04-24
265,1987-88,1610612757,53,Trail Blazers,29,82,1987,1987-11-06,1988-04-24
266,1987-88,1610612758,24,Kings,58,82,1987,1987-11-06,1988-04-24
267,1987-88,1610612759,31,Spurs,51,82,1987,1987-11-06,1988-04-24
268,1987-88,1610612760,44,SuperSonics,38,82,1987,1987-11-06,1988-04-24
269,1987-88,1610612762,47,Jazz,35,82,1987,1987-11-06,1988-04-24
270,1987-88,1610612764,38,Bullets,44,82,1987,1987-11-06,1988-04-24
271,1987-88,1610612765,54,Pistons,28,82,1987,1987-11-06,1988-04-24
272,1988-89,1610612737,52,Hawks,30,82,1988,1988-11-04,1989-04-23
273,1988-89,1610612738,42,Celtics,40,82,1988,1988-11-04,1989-04-23
274,1988-89,1610612739,57,Cavaliers,25,82,1988,1988-11-04,1989-04-23
275,1988-89,1610612741,47,Bulls,35,82,1988,1988-11-04,1989-04-23
276,1988-89,1610612742,38,Mavericks,44,82,1988,1988-11-04,1989-04-23
277,1988-89,1610612743,44,Nuggets,38,82,1988,1988-11-04,1989-04-23
278,1988-89,1610612744,43,Warriors,39,82,1988,1988-11-04,1989-04-23
279,1988-89,1610612745,45,Rockets,37,82,1988,1988-11-04,1989-04-23
280,1988-89,1610612746,21,Clippers,61,82,1988,1988-11-04,1989-04-23
281,1988-89,1610612747,57,Lakers,25,82,1988,1988-11-04,1989-04-23
282,1988-89,1610612748,15,Heat,67,82,1988,1988-11-04,1989-04-23
283,1988-89,1610612749,49,Bucks,33,82,1988,1988-11-04,1989-04-23
284,1988-89,1610612751,26,Nets,56,82,1988,1988-11-04,1989-04-23
285,1988-89,1610612752,52,Knicks,30,82,1988,1988-11-04,1989-04-23
286,1988-89,1610612754,28,Pacers,54,82,1988,1988-11-04,1989-04-23
287,1988-89,1610612755,46,76ers,36,82,1988,1988-11-04,1989-04-23
288,1988-89,1610612756,55,Suns,27,82,1988,1988-11-04,1989-04-23
289,1988-89,1610612757,39,Trail Blazers,43,82,1988,1988-11-04,1989-04-23
290,1988-89,1610612758,27,Kings,55,82,1988,1988-11-04,1989-04-23
291,1988-89,1610612759,21,Spurs,61,82,1988,1988-11-04,1989-04-23
292,1988-89,1610612760,47,SuperSonics,35,82,1988,1988-11-04,1989-04-23
293,1988-89,1610612762,51,Jazz,31,82,1988,1988-11-04,1989-04-23
294,1988-89,1610612764,40,Bullets,42,82,1988,1988-11-04,1989-04-23
295,1988-89,1610612765,63,Pistons,19,82,1988,1988-11-04,1989-04-23
296,1988-89,1610612766,20,Hornets,62,82,1988,1988-11-04,1989-04-23
297,1989-90,1610612737,41,Hawks,41,82,1989,1989-11-03,1990-04-22
298,1989-90,1610612738,52,Celtics,30,82,1989,1989-11-03,1990-04-22
299,1989-90,1610612739,42,Cavaliers,40,82,1989,1989-11-03,1990-04-22
300,1989-90,1610612741,55,Bulls,27,82,1989,1989-11-03,1990-04-22
301,1989-90,1610612742,47,Mavericks,35,82,1989,1989-11-03,1990-04-22
302,1989-90,1610612743,43,Nuggets,39,82,1989,1989-11-03,1990-04-22
303,1989-90,1610612744,37,Warriors,45,82,1989,1989-11-03,1990-04-22
304,1989-90,1610612745,41,Rockets,41,82,1989,1989-11-03,1990-04-22
305,1989-90,1610612746,30,Clippers,52,82,1989,1989-11-03,1990-04-22
306,1989-90,1610612747,63,Lakers,19,82,1989,1989-11-03,1990-04-22
307,1989-90,1610612748,18,Heat,64,82,1989,1989-11-03,1990-04-22
308,1989-90,1610612749,44,Bucks,38,82,1989,1989-11-03,1990-04-22
309,1989-90,1610612750,22,Timberwolves,60,82,1989,1989-11-03,1990-04-22
310,1989-90,1610612751,17,Nets,65,82,1989,1989-11-03,1990-04-22
311,1989-90,1610612752,45,Knicks,37,82,1989,1989-11-03,1990-04-22
312,1989-90,1610612753,18,Magic,64,82,1989,1989-11-03,1990-04-22
313,1989-90,1610612754,42,Pacers,40,82,1989,1989-11-03,1990-04-22
314,1989-90,1610612755,53,76ers,29,82,1989,1989-11-03,1990-04-22
315,1989-90,1610612756,54,Suns,28,82,1989,1989-11-03,1990-04-22
316,1989-90,1610612757,59,Trail Blazers,23,82,1989,1989-11-03,1990-04-22
317,1989-90,1610612758,23,Kings,59,82,1989,1989-11-03,1990-04-22
318,1989-90,1610612759,56,Spurs,26,82,1989,1989-11-03,1990-04-22
319,1989-90,1610612760,41,SuperSonics,41,82,1989,1989-11-03,1990-04-22
320,1989-90,1610612762,55,Jazz,27,82,1989,1989-11-03,1990-04-22
321,1989-90,1610612764,31,Bullets,51,82,1989,1989-11-03,1990-04-22
322,1989-90,1610612765,59,Pistons,23,82,1989,1989-11-03,1990-04-22
323,1989-90,1610612766,19,Hornets,63,82,1989,1989-11-03,1990-04-22
324,1990-91,1610612737,43,Hawks,39,82,1990,1990-11-02,1991-04-21
325,1990-91,1610612738,56,Celtics,26,82,1990,1990-11-02,1991-04-21
326,1990-91,1610612739,33,Cavaliers,49,82,1990,1990-11-02,1991-04-21
327,1990-91,1610612741,61,Bulls,21,82,1990,1990-11-02,1991-04-21
328,1990-91,1610612742,28,Mavericks,54,82,1990,1990-11-02,1991-04-21
329,1990-91,1610612743,20,Nuggets,62,82,1990,1990-11-02,1991-04-21
330,1990-91,1610612744,44,Warriors,38,82,1990,1990-11-02,1991-04-21
331,1990-91,1610612745,52,Rockets,30,82,1990,1990-11-02,1991-04-21
332,1990-91,1610612746,31,Clippers,51,82,1990,1990-11-02,1991-04-21
333,1990-91,1610612747,58,Lakers,24,82,1990,1990-11-02,1991-04-21
334,1990-91,1610612748,24,Heat,58,82,1990,1990-11-02,1991-04-21
335,1990-91,1610612749,48,Bucks,34,82,1990,1990-11-02,1991-04-21
336,1990-91,1610612750,29,Timberwolves,53,82,1990,1990-11-02,1991-04-21
337,1990-91,1610612751,26,Nets,56,82,1990,1990-11-02,1991-04-21
338,1990-91,1610612752,39,Knicks,43,82,1990,1990-11-02,1991-04-21
339,1990-91,1610612753,31,Magic,51,82,1990,1990-11-02,1991-04-21
340,1990-91,1610612754,41,Pacers,41,82,1990,1990-11-02,1991-04-21
341,1990-91,1610612755,44,76ers,38,82,1990,1990-11-02,1991-04-21
342,1990-91,1610612756,55,Suns,27,82,1990,1990-11-02,1991-04-21
343,1990-91,1610612757,63,Trail Blazers,19,82,1990,1990-11-02,1991-04-21
344,1990-91,1610612758,25,Kings,57,82,1990,1990-11-02,1991-04-21
345,1990-91,1610612759,55,Spurs,27,82,1990,1990-11-02,1991-04-21
346,1990-91,1610612760,41,SuperSonics,41,82,1990,1990-11-02,1991-04-21
347,1990-91,1610612762,54,Jazz,28,82,1990,1990-11-02,1991-04-21
348,1990-91,1610612764,30,Bullets,52,82,1990,1990-11-02,1991-04-21
349,1990-91,1610612765,50,Pistons,32,82,1990,1990-11-02,1991-04-21
350,1990-91,1610612766,26,Hornets,56,82,1990,1990-11-02,1991-04-21
351,1991-92,1610612737,38,Hawks,44,82,1991,1991-11-01,1992-04-19
352,1991-92,1610612738,51,Celtics,31,82,1991,1991-11-01,1992-04-19
353,1991-92,1610612739,57,Cavaliers,25,82,1991,1991-11-01,1992-04-19
354,1991-92,1610612741,67,Bulls,15,82,1991,1991-11-01,1992-04-19
355,1991-92,1610612742,22,Mavericks,60,82,1991,1991-11-01,1992-04-19
356,1991-92,1610612743,24,Nuggets,58,82,1991,1991-11-01,1992-04-19
357,1991-92,1610612744,55,Warriors,27,82,1991,1991-11-01,1992-04-19
358,1991-92,1610612745,42,Rockets,40,82,1991,1991-11-01,1992-04-19
359,1991-92,1610612746,45,Clippers,37,82,1991,1991-11-01,1992-04-19
360,1991-92,1610612747,43,Lakers,39,82,1991,1991-11-01,1992-04-19
361,1991-92,1610612748,38,Heat,44,82,1991,1991-11-01,1992-04-19
362,1991-92,1610612749,31,Bucks,51,82,1991,1991-11-01,1992-04-19
363,1991-92,1610612750,15,Timberwolves,67,82,1991,1991-11-01,1992-04-19
364,1991-92,1610612751,40,Nets,42,82,1991,1991-11-01,1992-04-19
365,1991-92,1610612752,51,Knicks,31,82,1991,1991-11-01,1992-04-19
366,1991-92,1610612753,21,Magic,61,82,1991,1991-11-01,1992-04-19
367,1991-92,1610612754,40,Pacers,42,82,1991,1991-11-01,1992-04-19
368,1991-92,1610612755,35,76ers,47,82,1991,1991-11-01,1992-04-19
369,1991-92,1610612756,53,Suns,29,82,1991,1991-11-01,1992-04-19
370,1991-92,1610612757,57,Trail Blazers,25,82,1991,1991-11-01,1992-04-19
371,1991-92,1610612758,29,Kings,53,82,1991,1991-11-01,1992-04-19
372,1991-92,1610612759,47,Spurs,35,82,1991,1991-11-01,1992-04-19
373,1991-92,1610612760,47,SuperSonics,35,82,1991,1991-11-01,1992-04-19
374,1991-92,1610612762,55,Jazz,27,82,1991,1991-11-01,1992-04-19
375,1991-92,1610612764,25,Bullets,57,82,1991,1991-11-01,1992-04-19
376,1991-92,1610612765,48,Pistons,34,82,1991,1991-11-01,1992-04-19
377,1991-92,1610612766,31,Hornets,51,82,1991,1991-11-01,1992-04-19
378,1992-93,1610612737,43,Hawks,39,82,1992,1992-11-06,1993-04-25
379,1992-93,1610612738,48,Celtics,34,82,1992,1992-11-06,1993-04-25
380,1992-93,1610612739,54,Cavaliers,28,82,1992,1992-11-06,1993-04-25
381,1992-93,1610612741,57,Bulls,25,82,1992,1992-11-06,1993-04-25
382,1992-93,1610612742,11,Mavericks,71,82,1992,1992-11-06,1993-04-25
383,1992-93,1610612743,36,Nuggets,46,82,1992,1992-11-06,1993-04-25
384,1992-93,1610612744,34,Warriors,48,82,1992,1992-11-06,1993-04-25
385,1992-93,1610612745,55,Rockets,27,82,1992,1992-11-06,1993-04-25
386,1992-93,1610612746,41,Clippers,41,82,1992,1992-11-06,1993-04-25
387,1992-93,1610612747,39,Lakers,43,82,1992,1992-11-06,1993-04-25
388,1992-93,1610612748,36,Heat,46,82,1992,1992-11-06,1993-04-25
389,1992-93,1610612749,28,Bucks,54,82,1992,1992-11-06,1993-04-25
390,1992-93,1610612750,19,Timberwolves,63,82,1992,1992-11-06,1993-04-25
391,1992-93,1610612751,43,Nets,39,82,1992,1992-11-06,1993-04-25
392,1992-93,1610612752,60,Knicks,22,82,1992,1992-11-06,1993-04-25
393,1992-93,1610612753,41,Magic,41,82,1992,1992-11-06,1993-04-25
394,1992-93,1610612754,41,Pacers,41,82,1992,1992-11-06,1993-04-25
395,1992-93,1610612755,26,76ers,56,82,1992,1992-11-06,1993-04-25
396,1992-93,1610612756,62,Suns,20,82,1992,1992-11-06,1993-04-25
397,1992-93,1610612757,51,Trail Blazers,31,82,1992,1992-11-06,1993-04-25
398,1992-93,1610612758,25,Kings,57,82,1992,1992-11-06,1993-04-25
399,1992-93,1610612759,49,Spurs,33,82,1992,1992-11-06,1993-04-25
400,1992-93,1610612760,55,SuperSonics,27,82,1992,1992-11-06,1993-04-25
401,1992-93,1610612762,47,Jazz,35,82,1992,1992-11-06,1993-04-25
402,1992-93,1610612764,22,Bullets,60,82,1992,1992-11-06,1993-04-25
403,1992-93,1610612765,40,Pistons,42,82,1992,1992-11-06,1993-04-25
404,1992-93,1610612766,44,Hornets,38,82,1992,1992-11-06,1993-04-25
405,1993-94,1610612737,57,Hawks,25,82,1993,1993-11-05,1994-04-24
406,1993-94,1610612738,32,Celtics,50,82,1993,1993-11-05,1994-04-24
407,1993-94,1610612739,47,Cavaliers,35,82,1993,1993-11-05,1994-04-24
408,1993-94,1610612741,55,Bulls,27,82,1993,1993-11-05,1994-04-24
409,1993-94,1610612742,13,Mavericks,69,82,1993,1993-11-05,1994-04-24
410,1993-94,1610612743,42,Nuggets,40,82,1993,1993-11-05,1994-04-24
411,1993-94,1610612744,50,Warriors,32,82,1993,1993-11-05,1994-04-24
412,1993-94,1610612745,58,Rockets,24,82,1993,1993-11-05,1994-04-24
413,1993-94,1610612746,27,Clippers,55,82,1993,1993-11-05,1994-04-24
414,1993-94,1610612747,33,Lakers,49,82,1993,1993-11-05,1994-04-24
415,1993-94,1610612748,42,Heat,40,82,1993,1993-11-05,1994-04-24
416,1993-94,1610612749,20,Bucks,62,82,1993,1993-11-05,1994-04-24
417,1993-94,1610612750,20,Timberwolves,62,82,1993,1993-11-05,1994-04-24
418,1993-94,1610612751,45,Nets,37,82,1993,1993-11-05,1994-04-24
419,1993-94,1610612752,57,Knicks,25,82,1993,1993-11-05,1994-04-24
420,1993-94,1610612753,50,Magic,32,82,1993,1993-11-05,1994-04-24
421,1993-94,1610612754,47,Pacers,35,82,1993,1993-11-05,1994-04-24
422,1993-94,1610612755,25,76ers,57,82,1993,1993-11-05,1994-04-24
423,1993-94,1610612756,56,Suns,26,82,1993,1993-11-05,1994-04-24
424,1993-94,1610612757,47,Trail Blazers,35,82,1993,1993-11-05,1994-04-24
425,1993-94,1610612758,28,Kings,54,82,1993,1993-11-05,1994-04-24
426,1993-94,1610612759,55,Spurs,27,82,1993,1993-11-05,1994-04-24
427,1993-94,1610612760,63,SuperSonics,19,82,1993,1993-11-05,1994-04-24
428,1993-94,1610612762,53,Jazz,29,82,1993,1993-11-05,1994-04-24
429,1993-94,1610612764,24,Bullets,58,82,1993,1993-11-05,1994-04-24
430,1993-94,1610612765,20,Pistons,62,82,1993,1993-11-05,1994-04-24
431,1993-94,1610612766,41,Hornets,41,82,1993,1993-11-05,1994-04-24
432,1994-95,1610612737,42,Hawks,40,82,1994,1994-11-04,1995-04-23
433,1994-95,1610612738,35,Celtics,47,82,1994,1994-11-04,1995-04-23
434,1994-95,1610612739,43,Cavaliers,39,82,1994,1994-11-04,1995-04-23
435,1994-95,1610612741,47,Bulls,35,82,1994,1994-11-04,1995-04-23
436,1994-95,1610612742,36,Mavericks,46,82,1994,1994-11-04,1995-04-23
437,1994-95,1610612743,41,Nuggets,41,82,1994,1994-11-04,1995-04-23
438,1994-95,1610612744,26,Warriors,56,82,1994,1994-11-04,1995-04-23
439,1994-95,1610612745,47,Rockets,35,82,1994,1994-11-04,1995-04-23
440,1994-95,1610612746,17,Clippers,65,82,1994,1994-11-04,1995-04-23
441,1994-95,1610612747,48,Lakers,34,82,1994,1994-11-04,1995-04-23
442,1994-95,1610612748,32,Heat,50,82,1994,1994-11-04,1995-04-23
443,1994-95,1610612749,34,Bucks,48,82,1994,1994-11-04,1995-04-23
444,1994-95,1610612750,21,Timberwolves,61,82,1994,1994-11-04,1995-04-23
445,1994-95,1610612751,30,Nets,52,82,1994,1994-11-04,1995-04-23
446,1994-95,1610612752,55,Knicks,27,82,1994,1994-11-04,1995-04-23
447,1994-95,1610612753,57,Magic,25,82,1994,1994-11-04,1995-04-23
448,1994-95,1610612754,52,Pacers,30,82,1994,1994-11-04,1995-04-23
449,1994-95,1610612755,24,76ers,58,82,1994,1994-11-04,1995-04-23
450,1994-95,1610612756,59,Suns,23,82,1994,1994-11-04,1995-04-23
451,1994-95,1610612757,44,Trail Blazers,38,82,1994,1994-11-04,1995-04-23
452,1994-95,1610612758,39,Kings,43,82,1994,1994-11-04,1995-04-23
453,1994-95,1610612759,62,Spurs,20,82,1994,1994-11-04,1995-04-23
454,1994-95,1610612760,57,SuperSonics,25,82,1994,1994-11-04,1995-04-23
455,1994-95,1610612762,60,Jazz,22,82,1994,1994-11-04,1995-04-23
456,1994-95,1610612764,21,Bullets,61,82,1994,1994-11-04,1995-04-23
457,1994-95,1610612765,28,Pistons,54,82,1994,1994-11-04,1995-04-23
458,1994-95,1610612766,50,Hornets,32,82,1994,1994-11-04,1995-04-23
459,1995-96,1610612737,46,Hawks,36,82,1995,1995-11-03,1996-04-21
460,1995-96,1610612738,33,Celtics,49,82,1995,1995-11-03,1996-04-21
461,1995-96,1610612739,47,Cavaliers,35,82,1995,1995-11-03,1996-04-21
462,1995-96,1610612741,72,Bulls,10,82,1995,1995-11-03,1996-04-21
463,1995-96,1610612742,26,Mavericks,56,82,1995,1995-11-03,1996-04-21
464,1995-96,1610612743,35,Nuggets,47,82,1995,1995-11-03,1996-04-21
465,1995-96,1610612744,36,Warriors,46,82,1995,1995-11-03,1996-04-21
466,1995-96,1610612745,48,Rockets,34,82,1995,1995-11-03,1996-04-21
467,1995-96,1610612746,29,Clippers,53,82,1995,1995-11-03,1996-04-21
468,1995-96,1610612747,53,Lakers,29,82,1995,1995-11-03,1996-04-21
469,1995-96,1610612748,42,Heat,40,82,1995,1995-11-03,1996-04-21
470,1995-96,1610612749,25,Bucks,57,82,1995,1995-11-03,1996-04-21
471,1995-96,1610612750,26,Timberwolves,56,82,1995,1995-11-03,1996-04-21
472,1995-96,1610612751,30,Nets,52,82,1995,1995-11-03,1996-04-21
473,1995-96,1610612752,47,Knicks,35,82,1995,1995-11-03,1996-04-21
474,1995-96,1610612753,60,Magic,22,82,1995,1995-11-03,1996-04-21
475,1995-96,1610612754,52,Pacers,30,82,1995,1995-11-03,1996-04-21
476,1995-96,1610612755,18,76ers,64,82,1995,1995-11-03,1996-04-21
477,1995-96,1610612756,41,Suns,41,82,1995,1995-11-03,1996-04-21
478,1995-96,1610612757,44,Trail Blazers,38,82,1995,1995-11-03,1996-04-21
479,1995-96,1610612758,39,Kings,43,82,1995,1995-11-03,1996-04-21
480,1995-96,1610612759,59,Spurs,23,82,1995,1995-11-03,1996-04-21
481,1995-96,1610612760,64,SuperSonics,18,82,1995,1995-11-03,1996-04-21
482,1995-96,1610612761,21,Raptors,61,82,1995,1995-11-03,1996-04-21
483,1995-96,1610612762,55,Jazz,27,82,1995,1995-11-03,1996-04-21
484,1995-96,1610612763,15,Grizzlies,67,82,1995,1995-11-03,1996-04-21
485,1995-96,1610612764,39,Bullets,43,82,1995,1995-11-03,1996-04-21
486,1995-96,1610612765,46,Pistons,36,82,1995,1995-11-03,1996-04-21
487,1995-96,1610612766,41,Hornets,41,82,1995,1995-11-03,1996-04-21
488,1996-97,1610612737,56,Hawks,26,82,1996,1996-11-01,1997-04-20
489,1996-97,1610612738,15,Celtics,67,82,1996,1996-11-01,1997-04-20
490,1996-97,1610612739,42,Cavaliers,40,82,1996,1996-11-01,1997-04-20
491,1996-97,1610612741,69,Bulls,13,82,1996,1996-11-01,1997-04-20
492,1996-97,1610612742,24,Mavericks,58,82,1996,1996-11-01,1997-04-20
493,1996-97,1610612743,21,Nuggets,61,82,1996,1996-11-01,1997-04-20
494,1996-97,1610612744,30,Warriors,52,82,1996,1996-11-01,1997-04-20
495,1996-97,1610612745,57,Rockets,25,82,1996,1996-11-01,1997-04-20
496,1996-97,1610612746,36,Clippers,46,82,1996,1996-11-01,1997-04-20
497,1996-97,1610612747,56,Lakers,26,82,1996,1996-11-01,1997-04-20
498,1996-97,1610612748,61,Heat,21,82,1996,1996-11-01,1997-04-20
499,1996-97,1610612749,33,Bucks,49,82,1996,1996-11-01,1997-04-20
500,1996-97,1610612750,40,Timberwolves,42,82,1996,1996-11-01,1997-04-20
501,1996-97,1610612751,26,Nets,56,82,1996,1996-11-01,1997-04-20
502,1996-97,1610612752,57,Knicks,25,82,1996,1996-11-01,1997-04-20
503,1996-97,1610612753,45,Magic,37,82,1996,1996-11-01,1997-04-20
504,1996-97,1610612754,39,Pacers,43,82,1996,1996-11-01,1997-04-20
505,1996-97,1610612755,22,76ers,60,82,1996,1996-11-01,1997-04-20
506,1996-97,1610612756,40,Suns,42,82,1996,1996-11-01,1997-04-20
507,1996-97,1610612757,49,Trail Blazers,33,82,1996,1996-11-01,1997-04-20
508,1996-97,1610612758,34,Kings,48,82,1996,1996-11-01,1997-04-20
509,1996-97,1610612759,20,Spurs,62,82,1996,1996-11-01,1997-04-20
510,1996-97,1610612760,57,SuperSonics,25,82,1996,1996-11-01,1997-04-20
511,1996-97,1610612761,30,Raptors,52,82,1996,1996-11-01,1997-04-20
512,1996-97,1610612762,64,Jazz,18,82,1996,1996-11-01,1997-04-20
513,1996-97,1610612763,14,Grizzlies,68,82,1996,1996-11-01,1997-04-20
514,1996-97,1610612764,44,Bullets,38,82,1996,1996-11-01,1997-04-20
515,1996-97,1610612765,54,Pistons,28,82,1996,1996-11-01,1997-04-20
516,1996-97,1610612766,54,Hornets,28,82,1996,1996-11-01,1997-04-20
517,1997-98,1610612737,50,Hawks,32,82,1997,1997-10-31,1998-04-19
518,1997-98,1610612738,36,Celtics,46,82,1997,1997-10-31,1998-04-19
519,1997-98,1610612739,47,Cavaliers,35,82,1997,1997-10-31,1998-04-19
520,1997-98,1610612741,62,Bulls,20,82,1997,1997-10-31,1998-04-19
521,1997-98,1610612742,20,Mavericks,62,82,1997,1997-10-31,1998-04-19
522,1997-98,1610612743,11,Nuggets,71,82,1997,1997-10-31,1998-04-19
523,1997-98,1610612744,19,Warriors,63,82,1997,1997-10-31,1998-04-19
524,1997-98,1610612745,41,Rockets,41,82,1997,1997-10-31,1998-04-19
525,1997-98,1610612746,17,Clippers,65,82,1997,1997-10-31,1998-04-19
526,1997-98,1610612747,61,Lakers,21,82,1997,1997-10-31,1998-04-19
527,1997-98,1610612748,55,Heat,27,82,1997,1997-10-31,1998-04-19
528,1997-98,1610612749,36,Bucks,46,82,1997,1997-10-31,1998-04-19
529,1997-98,1610612750,45,Timberwolves,37,82,1997,1997-10-31,1998-04-19
530,1997-98,1610612751,43,Nets,39,82,1997,1997-10-31,1998-04-19
531,1997-98,1610612752,43,Knicks,39,82,1997,1997-10-31,1998-04-19
532,1997-98,1610612753,41,Magic,41,82,1997,1997-10-31,1998-04-19
533,1997-98,1610612754,58,Pacers,24,82,1997,1997-10-31,1998-04-19
534,1997-98,1610612755,31,76ers,51,82,1997,1997-10-31,1998-04-19
535,1997-98,1610612756,56,Suns,26,82,1997,1997-10-31,1998-04-19
536,1997-98,1610612757,46,Trail Blazers,36,82,1997,1997-10-31,1998-04-19
537,1997-98,1610612758,27,Kings,55,82,1997,1997-10-31,1998-04-19
538,1997-98,1610612759,56,Spurs,26,82,1997,1997-10-31,1998-04-19
539,1997-98,1610612760,61,SuperSonics,21,82,1997,1997-10-31,1998-04-19
540,1997-98,1610612761,16,Raptors,66,82,1997,1997-10-31,1998-04-19
541,1997-98,1610612762,62,Jazz,20,82,1997,1997-10-31,1998-04-19
542,1997-98,1610612763,19,Grizzlies,63,82,1997,1997-10-31,1998-04-19
543,1997-98,1610612764,42,Wizards,40,82,1997,1997-10-31,1998-04-19
544,1997-98,1610612765,37,Pistons,45,82,1997,1997-10-31,1998-04-19
545,1997-98,1610612766,51,Hornets,31,82,1997,1997-10-31,1998-04-19
546,1998-99,1610612737,31,Hawks,19,50,1998,1999-02-05,1999-05-05
547,1998-99,1610612738,19,Celtics,31,50,1998,1999-02-05,1999-05-05
548,1998-99,1610612739,22,Cavaliers,28,50,1998,1999-02-05,1999-05-05
549,1998-99,1610612741,13,Bulls,37,50,1998,1999-02-05,1999-05-05
550,1998-99,1610612742,19,Mavericks,31,50,1998,1999-02-05,1999-05-05
551,1998-99,1610612743,14,Nuggets,36,50,1998,1999-02-05,1999-05-05
552,1998-99,1610612744,21,Warriors,29,50,1998,1999-02-05,1999-05-05
553,1998-99,1610612745,31,Rockets,19,50,1998,1999-02-05,1999-05-05
554,1998-99,1610612746,9,Clippers,41,50,1998,1999-02-05,1999-05-05
555,1998-99,1610612747,31,Lakers,19,50,1998,1999-02-05,1999-05-05
556,1998-99,1610612748,33,Heat,17,50,1998,1999-02-05,1999-05-05
557,1998-99,1610612749,28,Bucks,22,50,1998,1999-02-05,1999-05-05
558,1998-99,1610612750,25,Timberwolves,25,50,1998,1999-02-05,1999-05-05
559,1998-99,1610612751,16,Nets,34,50,1998,1999-02-05,1999-05-05
560,1998-99,1610612752,27,Knicks,23,50,1998,1999-02-05,1999-05-05
561,1998-99,1610612753,33,Magic,17,50,1998,1999-02-05,1999-05-05
562,1998-99,1610612754,33,Pacers,17,50,1998,1999-02-05,1999-05-05
563,1998-99,1610612755,28,76ers,22,50,1998,1999-02-05,1999-05-05
564,1998-99,1610612756,27,Suns,23,50,1998,1999-02-05,1999-05-05
565,1998-99,1610612757,35,Trail Blazers,15,50,1998,1999-02-05,1999-05-05
566,1998-99,1610612758,27,Kings,23,50,1998,1999-02-05,1999-05-05
567,1998-99,1610612759,37,Spurs,13,50,1998,1999-02-05,1999-05-05
568,1998-99,1610612760,25,SuperSonics,25,50,1998,1999-02-05,1999-05-05
569,1998-99,1610612761,23,Raptors,27,50,1998,1999-02-05,1999-05-05
570,1998-99,1610612762,37,Jazz,13,50,1998,1999-02-05,1999-05-05
571,1998-99,1610612763,8,Grizzlies,42,50,1998,1999-02-05,1999-05-05
572,1998-99,1610612764,18,Wizards,32,50,1998,1999-02-05,1999-05-05
573,1998-99,1610612765,29,Pistons,21,50,1998,1999-02-05,1999-05-05
574,1998-99,1610612766,26,Hornets,24,50,1998,1999-02-05,1999-05-05
575,1999-00,1610612737,28,Hawks,54,82,1999,1999-11-02,2000-04-19
576,1999-00,1610612738,35,Celtics,47,82,1999,1999-11-02,2000-04-19
577,1999-00,1610612739,32,Cavaliers,50,82,1999,1999-11-02,2000-04-19
578,1999-00,1610612741,17,Bulls,65,82,1999,1999-11-02,2000-04-19
579,1999-00,1610612742,40,Mavericks,42,82,1999,1999-11-02,2000-04-19
580,1999-00,1610612743,35,Nuggets,47,82,1999,1999-11-02,2000-04-19
581,1999-00,1610612744,19,Warriors,63,82,1999,1999-11-02,2000-04-19
582,1999-00,1610612745,34,Rockets,48,82,1999,1999-11-02,2000-04-19
583,1999-00,1610612746,15,Clippers,67,82,1999,1999-11-02,2000-04-19
584,1999-00,1610612747,67,Lakers,15,82,1999,1999-11-02,2000-04-19
585,1999-00,1610612748,52,Heat,30,82,1999,1999-11-02,2000-04-19
586,1999-00,1610612749,42,Bucks,40,82,1999,1999-11-02,2000-04-19
587,1999-00,1610612750,50,Timberwolves,32,82,1999,1999-11-02,2000-04-19
588,1999-00,1610612751,31,Nets,51,82,1999,1999-11-02,2000-04-19
589,1999-00,1610612752,50,Knicks,32,82,1999,1999-11-02,2000-04-19
590,1999-00,1610612753,41,Magic,41,82,1999,1999-11-02,2000-04-19
591,1999-00,1610612754,56,Pacers,26,82,1999,1999-11-02,2000-04-19
592,1999-00,1610612755,49,76ers,33,82,1999,1999-11-02,2000-04-19
593,1999-00,1610612756,53,Suns,29,82,1999,1999-11-02,2000-04-19
594,1999-00,1610612757,59,Trail Blazers,23,82,1999,1999-11-02,2000-04-19
595,1999-00,1610612758,44,Kings,38,82,1999,1999-11-02,2000-04-19
596,1999-00,1610612759,53,Spurs,29,82,1999,1999-11-02,2000-04-19
597,1999-00,1610612760,45,SuperSonics,37,82,1999,1999-11-02,2000-04-19
598,1999-00,1610612761,45,Raptors,37,82,1999,1999-11-02,2000-04-19
599,1999-00,1610612762,55,Jazz,27,82,1999,1999-11-02,2000-04-19
600,1999-00,1610612763,22,Grizzlies,60,82,1999,1999-11-02,2000-04-19
601,1999-00,1610612764,29,Wizards,53,82,1999,1999-11-02,2000-04-19
602,1999-00,1610612765,42,Pistons,40,82,1999,1999-11-02,2000-04-19
603,1999-00,1610612766,49,Hornets,33,82,1999,1999-11-02,2000-04-19
604,2000-01,1610612737,25,Hawks,57,82,2000,2000-10-31,2001-04-18
605,2000-01,1610612738,36,Celtics,46,82,2000,2000-10-31,2001-04-18
606,2000-01,1610612739,30,Cavaliers,52,82,2000,2000-10-31,2001-04-18
607,2000-01,1610612741,15,Bulls,67,82,2000,2000-10-31,2001-04-18
608,2000-01,1610612742,53,Mavericks,29,82,2000,2000-10-31,2001-04-18
609,2000-01,1610612743,40,Nuggets,42,82,2000,2000-10-31,2001-04-18
610,2000-01,1610612744,17,Warriors,65,82,2000,2000-10-31,2001-04-18
611,2000-01,1610612745,45,Rockets,37,82,2000,2000-10-31,2001-04-18
612,2000-01,1610612746,31,Clippers,51,82,2000,2000-10-31,2001-04-18
613,2000-01,1610612747,56,Lakers,26,82,2000,2000-10-31,2001-04-18
614,2000-01,1610612748,50,Heat,32,82,2000,2000-10-31,2001-04-18
615,2000-01,1610612749,52,Bucks,30,82,2000,2000-10-31,2001-04-18
616,2000-01,1610612750,47,Timberwolves,35,82,2000,2000-10-31,2001-04-18
617,2000-01,1610612751,26,Nets,56,82,2000,2000-10-31,2001-04-18
618,2000-01,1610612752,48,Knicks,34,82,2000,2000-10-31,2001-04-18
619,2000-01,1610612753,43,Magic,39,82,2000,2000-10-31,2001-04-18
620,2000-01,1610612754,41,Pacers,41,82,2000,2000-10-31,2001-04-18
621,2000-01,1610612755,56,76ers,26,82,2000,2000-10-31,2001-04-18
622,2000-01,1610612756,51,Suns,31,82,2000,2000-10-31,2001-04-18
623,2000-01,1610612757,50,Trail Blazers,32,82,2000,2000-10-31,2001-04-18
624,2000-01,1610612758,55,Kings,27,82,2000,2000-10-31,2001-04-18
625,2000-01,1610612759,58,Spurs,24,82,2000,2000-10-31,2001-04-18
626,2000-01,1610612760,44,SuperSonics,38,82,2000,2000-10-31,2001-04-18
627,2000-01,1610612761,47,Raptors,35,82,2000,2000-10-31,2001-04-18
628,2000-01,1610612762,53,Jazz,29,82,2000,2000-10-31,2001-04-18
629,2000-01,1610612763,23,Grizzlies,59,82,2000,2000-10-31,2001-04-18
630,2000-01,1610612764,19,Wizards,63,82,2000,2000-10-31,2001-04-18
631,2000-01,1610612765,32,Pistons,50,82,2000,2000-10-31,2001-04-18
632,2000-01,1610612766,46,Hornets,36,82,2000,2000-10-31,2001-04-18
633,2001-02,1610612737,33,Hawks,49,82,2001,2001-10-30,2002-04-17
634,2001-02,1610612738,49,Celtics,33,82,2001,2001-10-30,2002-04-17
635,2001-02,1610612739,29,Cavaliers,53,82,2001,2001-10-30,2002-04-17
636,2001-02,1610612741,21,Bulls,61,82,2001,2001-10-30,2002-04-17
637,2001-02,1610612742,57,Mavericks,25,82,2001,2001-10-30,2002-04-17
638,2001-02,1610612743,27,Nuggets,55,82,2001,2001-10-30,2002-04-17
639,2001-02,1610612744,21,Warriors,61,82,2001,2001-10-30,2002-04-17
640,2001-02,1610612745,28,Rockets,54,82,2001,2001-10-30,2002-04-17
641,2001-02,1610612746,39,Clippers,43,82,2001,2001-10-30,2002-04-17
642,2001-02,1610612747,58,Lakers,24,82,2001,2001-10-30,2002-04-17
643,2001-02,1610612748,36,Heat,46,82,2001,2001-10-30,2002-04-17
644,2001-02,1610612749,41,Bucks,41,82,2001,2001-10-30,2002-04-17
645,2001-02,1610612750,50,Timberwolves,32,82,2001,2001-10-30,2002-04-17
646,2001-02,1610612751,52,Nets,30,82,2001,2001-10-30,2002-04-17
647,2001-02,1610612752,30,Knicks,52,82,2001,2001-10-30,2002-04-17
648,2001-02,1610612753,44,Magic,38,82,2001,2001-10-30,2002-04-17
649,2001-02,1610612754,42,Pacers,40,82,2001,2001-10-30,2002-04-17
650,2001-02,1610612755,43,76ers,39,82,2001,2001-10-30,2002-04-17
651,2001-02,1610612756,36,Suns,46,82,2001,2001-10-30,2002-04-17
652,2001-02,1610612757,49,Trail Blazers,33,82,2001,2001-10-30,2002-04-17
653,2001-02,1610612758,61,Kings,21,82,2001,2001-10-30,2002-04-17
654,2001-02,1610612759,58,Spurs,24,82,2001,2001-10-30,2002-04-17
655,2001-02,1610612760,45,SuperSonics,37,82,2001,2001-10-30,2002-04-17
656,2001-02,1610612761,42,Raptors,40,82,2001,2001-10-30,2002-04-17
657,2001-02,1610612762,44,Jazz,38,82,2001,2001-10-30,2002-04-17
658,2001-02,1610612763,23,Grizzlies,59,82,2001,2001-10-30,2002-04-17
659,2001-02,1610612764,37,Wizards,45,82,2001,2001-10-30,2002-04-17
660,2001-02,1610612765,50,Pistons,32,82,2001,2001-10-30,2002-04-17
661,2001-02,1610612766,44,Hornets,38,82,2001,2001-10-30,2002-04-17
662,2002-03,1610612737,35,Hawks,47,82,2002,2002-10-29,2003-04-16
663,2002-03,1610612738,44,Celtics,38,82,2002,2002-10-29,2003-04-16
664,2002-03,1610612739,17,Cavaliers,65,82,2002,2002-10-29,2003-04-16
665,2002-03,1610612740,47,Hornets,35,82,2002,2002-10-29,2003-04-16
666,2002-03,1610612741,30,Bulls,52,82,2002,2002-10-29,2003-04-16
667,2002-03,1610612742,60,Mavericks,22,82,2002,2002-10-29,2003-04-16
668,2002-03,1610612743,17,Nuggets,65,82,2002,2002-10-29,2003-04-16
669,2002-03,1610612744,38,Warriors,44,82,2002,2002-10-29,2003-04-16
670,2002-03,1610612745,43,Rockets,39,82,2002,2002-10-29,2003-04-16
671,2002-03,1610612746,27,Clippers,55,82,2002,2002-10-29,2003-04-16
672,2002-03,1610612747,50,Lakers,32,82,2002,2002-10-29,2003-04-16
673,2002-03,1610612748,25,Heat,57,82,2002,2002-10-29,2003-04-16
674,2002-03,1610612749,42,Bucks,40,82,2002,2002-10-29,2003-04-16
675,2002-03,1610612750,51,Timberwolves,31,82,2002,2002-10-29,2003-04-16
676,2002-03,1610612751,49,Nets,33,82,2002,2002-10-29,2003-04-16
677,2002-03,1610612752,37,Knicks,45,82,2002,2002-10-29,2003-04-16
678,2002-03,1610612753,42,Magic,40,82,2002,2002-10-29,2003-04-16
679,2002-03,1610612754,48,Pacers,34,82,2002,2002-10-29,2003-04-16
680,2002-03,1610612755,48,76ers,34,82,2002,2002-10-29,2003-04-16
681,2002-03,1610612756,44,Suns,38,82,2002,2002-10-29,2003-04-16
682,2002-03,1610612757,50,Trail Blazers,32,82,2002,2002-10-29,2003-04-16
683,2002-03,1610612758,59,Kings,23,82,2002,2002-10-29,2003-04-16
684,2002-03,1610612759,60,Spurs,22,82,2002,2002-10-29,2003-04-16
685,2002-03,1610612760,40,SuperSonics,42,82,2002,2002-10-29,2003-04-16
686,2002-03,1610612761,24,Raptors,58,82,2002,2002-10-29,2003-04-16
687,2002-03,1610612762,47,Jazz,35,82,2002,2002-10-29,2003-04-16
688,2002-03,1610612763,28,Grizzlies,54,82,2002,2002-10-29,2003-04-16
689,2002-03,1610612764,37,Wizards,45,82,2002,2002-10-29,2003-04-16
690,2002-03,1610612765,50,Pistons,32,82,2002,2002-10-29,2003-04-16
691,2003-04,1610612737,28,Hawks,54,82,2003,2003-10-28,2004-04-14
692,2003-04,1610612738,36,Celtics,46,82,2003,2003-10-28,2004-04-14
693,2003-04,1610612739,35,Cavaliers,47,82,2003,2003-10-28,2004-04-14
694,2003-04,1610612740,41,Hornets,41,82,2003,2003-10-28,2004-04-14
695,2003-04,1610612741,23,Bulls,59,82,2003,2003-10-28,2004-04-14
696,2003-04,1610612742,52,Mavericks,30,82,2003,2003-10-28,2004-04-14
697,2003-04,1610612743,43,Nuggets,39,82,2003,2003-10-28,2004-04-14
698,2003-04,1610612744,37,Warriors,45,82,2003,2003-10-28,2004-04-14
699,2003-04,1610612745,45,Rockets,37,82,2003,2003-10-28,2004-04-14
700,2003-04,1610612746,28,Clippers,54,82,2003,2003-10-28,2004-04-14
701,2003-04,1610612747,56,Lakers,26,82,2003,2003-10-28,2004-04-14
702,2003-04,1610612748,42,Heat,40,82,2003,2003-10-28,2004-04-14
703,2003-04,1610612749,41,Bucks,41,82,2003,2003-10-28,2004-04-14
704,2003-04,1610612750,58,Timberwolves,24,82,2003,2003-10-28,2004-04-14
705,2003-04,1610612751,47,Nets,35,82,2003,2003-10-28,2004-04-14
706,2003-04,1610612752,39,Knicks,43,82,2003,2003-10-28,2004-04-14
707,2003-04,1610612753,21,Magic,61,82,2003,2003-10-28,2004-04-14
708,2003-04,1610612754,61,Pacers,21,82,2003,2003-10-28,2004-04-14
709,2003-04,1610612755,33,76ers,49,82,2003,2003-10-28,2004-04-14
710,2003-04,1610612756,29,Suns,53,82,2003,2003-10-28,2004-04-14
711,2003-04,1610612757,41,Trail Blazers,41,82,2003,2003-10-28,2004-04-14
712,2003-04,1610612758,55,Kings,27,82,2003,2003-10-28,2004-04-14
713,2003-04,1610612759,57,Spurs,25,82,2003,2003-10-28,2004-04-14
714,2003-04,1610612760,37,SuperSonics,45,82,2003,2003-10-28,2004-04-14
715,2003-04,1610612761,33,Raptors,49,82,2003,2003-10-28,2004-04-14
716,2003-04,1610612762,42,Jazz,40,82,2003,2003-10-28,2004-04-14
717,2003-04,1610612763,50,Grizzlies,32,82,2003,2003-10-28,2004-04-14
718,2003-04,1610612764,25,Wizards,57,82,2003,2003-10-28,2004-04-14
719,2003-04,1610612765,54,Pistons,28,82,2003,2003-10-28,2004-04-14
720,2004-05,1610612737,13,Hawks,69,82,2004,2004-11-02,2005-04-20
721,2004-05,1610612738,45,Celtics,37,82,2004,2004-11-02,2005-04-20
722,2004-05,1610612739,42,Cavaliers,40,82,2004,2004-11-02,2005-04-20
723,2004-05,1610612740,18,Hornets,64,82,2004,2004-11-02,2005-04-20
724,2004-05,1610612741,47,Bulls,35,82,2004,2004-11-02,2005-04-20
725,2004-05,1610612742,58,Mavericks,24,82,2004,2004-11-02,2005-04-20
726,2004-05,1610612743,49,Nuggets,33,82,2004,2004-11-02,2005-04-20
727,2004-05,1610612744,34,Warriors,48,82,2004,2004-11-02,2005-04-20
728,2004-05,1610612745,51,Rockets,31,82,2004,2004-11-02,2005-04-20
729,2004-05,1610612746,37,Clippers,45,82,2004,2004-11-02,2005-04-20
730,2004-05,1610612747,34,Lakers,48,82,2004,2004-11-02,2005-04-20
731,2004-05,1610612748,59,Heat,23,82,2004,2004-11-02,2005-04-20
732,2004-05,1610612749,30,Bucks,52,82,2004,2004-11-02,2005-04-20
733,2004-05,1610612750,44,Timberwolves,38,82,2004,2004-11-02,2005-04-20
734,2004-05,1610612751,42,Nets,40,82,2004,2004-11-02,2005-04-20
735,2004-05,1610612752,33,Knicks,49,82,2004,2004-11-02,2005-04-20
736,2004-05,1610612753,36,Magic,46,82,2004,2004-11-02,2005-04-20
737,2004-05,1610612754,44,Pacers,38,82,2004,2004-11-02,2005-04-20
738,2004-05,1610612755,43,76ers,39,82,2004,2004-11-02,2005-04-20
739,2004-05,1610612756,62,Suns,20,82,2004,2004-11-02,2005-04-20
740,2004-05,1610612757,26,Trail Blazers,56,82,2004,2004-11-02,2005-04-20
741,2004-05,1610612758,50,Kings,32,82,2004,2004-11-02,2005-04-20
742,2004-05,1610612759,59,Spurs,23,82,2004,2004-11-02,2005-04-20
743,2004-05,1610612760,52,SuperSonics,30,82,2004,2004-11-02,2005-04-20
744,2004-05,1610612761,34,Raptors,48,82,2004,2004-11-02,2005-04-20
745,2004-05,1610612762,26,Jazz,56,82,2004,2004-11-02,2005-04-20
746,2004-05,1610612763,45,Grizzlies,37,82,2004,2004-11-02,2005-04-20
747,2004-05,1610612764,45,Wizards,37,82,2004,2004-11-02,2005-04-20
748,2004-05,1610612765,54,Pistons,28,82,2004,2004-11-02,2005-04-20
749,2004-05,1610612766,18,Bobcats,64,82,2004,2004-11-02,2005-04-20
750,2005-06,1610612737,26,Hawks,56,82,2005,2005-11-01,2006-04-19
751,2005-06,1610612738,33,Celtics,49,82,2005,2005-11-01,2006-04-19
752,2005-06,1610612739,50,Cavaliers,32,82,2005,2005-11-01,2006-04-19
753,2005-06,1610612740,38,Hornets,44,82,2005,2005-11-01,2006-04-19
754,2005-06,1610612741,41,Bulls,41,82,2005,2005-11-01,2006-04-19
755,2005-06,1610612742,60,Mavericks,22,82,2005,2005-11-01,2006-04-19
756,2005-06,1610612743,44,Nuggets,38,82,2005,2005-11-01,2006-04-19
757,2005-06,1610612744,34,Warriors,48,82,2005,2005-11-01,2006-04-19
758,2005-06,1610612745,34,Rockets,48,82,2005,2005-11-01,2006-04-19
759,2005-06,1610612746,47,Clippers,35,82,2005,2005-11-01,2006-04-19
760,2005-06,1610612747,45,Lakers,37,82,2005,2005-11-01,2006-04-19
761,2005-06,1610612748,52,Heat,30,82,2005,2005-11-01,2006-04-19
762,2005-06,1610612749,40,Bucks,42,82,2005,2005-11-01,2006-04-19
763,2005-06,1610612750,33,Timberwolves,49,82,2005,2005-11-01,2006-04-19
764,2005-06,1610612751,49,Nets,33,82,2005,2005-11-01,2006-04-19
765,2005-06,1610612752,23,Knicks,59,82,2005,2005-11-01,2006-04-19
766,2005-06,1610612753,36,Magic,46,82,2005,2005-11-01,2006-04-19
767,2005-06,1610612754,41,Pacers,41,82,2005,2005-11-01,2006-04-19
768,2005-06,1610612755,38,76ers,44,82,2005,2005-11-01,2006-04-19
769,2005-06,1610612756,54,Suns,28,82,2005,2005-11-01,2006-04-19
770,2005-06,1610612757,21,Trail Blazers,61,82,2005,2005-11-01,2006-04-19
771,2005-06,1610612758,44,Kings,38,82,2005,2005-11-01,2006-04-19
772,2005-06,1610612759,63,Spurs,19,82,2005,2005-11-01,2006-04-19
773,2005-06,1610612760,35,SuperSonics,47,82,2005,2005-11-01,2006-04-19
774,2005-06,1610612761,27,Raptors,55,82,2005,2005-11-01,2006-04-19
775,2005-06,1610612762,41,Jazz,41,82,2005,2005-11-01,2006-04-19
776,2005-06,1610612763,49,Grizzlies,33,82,2005,2005-11-01,2006-04-19
777,2005-06,1610612764,42,Wizards,40,82,2005,2005-11-01,2006-04-19
778,2005-06,1610612765,64,Pistons,18,82,2005,2005-11-01,2006-04-19
779,2005-06,1610612766,26,Bobcats,56,82,2005,2005-11-01,2006-04-19
780,2006-07,1610612737,30,Hawks,52,82,2006,2006-10-31,2007-04-18
781,2006-07,1610612738,24,Celtics,58,82,2006,2006-10-31,2007-04-18
782,2006-07,1610612739,50,Cavaliers,32,82,2006,2006-10-31,2007-04-18
783,2006-07,1610612740,39,Hornets,43,82,2006,2006-10-31,2007-04-18
784,2006-07,1610612741,49,Bulls,33,82,2006,2006-10-31,2007-04-18
785,2006-07,1610612742,67,Mavericks,15,82,2006,2006-10-31,2007-04-18
786,2006-07,1610612743,45,Nuggets,37,82,2006,2006-10-31,2007-04-18
787,2006-07,1610612744,42,Warriors,40,82,2006,2006-10-31,2007-04-18
788,2006-07,1610612745,52,Rockets,30,82,2006,2006-10-31,2007-04-18
789,2006-07,1610612746,40,Clippers,42,82,2006,2006-10-31,2007-04-18
790,2006-07,1610612747,42,Lakers,40,82,2006,2006-10-31,2007-04-18
791,2006-07,1610612748,44,Heat,38,82,2006,2006-10-31,2007-04-18
792,2006-07,1610612749,28,Bucks,54,82,2006,2006-10-31,2007-04-18
793,2006-07,1610612750,32,Timberwolves,50,82,2006,2006-10-31,2007-04-18
794,2006-07,1610612751,41,Nets,41,82,2006,2006-10-31,2007-04-18
795,2006-07,1610612752,33,Knicks,49,82,2006,2006-10-31,2007-04-18
796,2006-07,1610612753,40,Magic,42,82,2006,2006-10-31,2007-04-18
797,2006-07,1610612754,35,Pacers,47,82,2006,2006-10-31,2007-04-18
798,2006-07,1610612755,35,76ers,47,82,2006,2006-10-31,2007-04-18
799,2006-07,1610612756,61,Suns,21,82,2006,2006-10-31,2007-04-18
800,2006-07,1610612757,32,Trail Blazers,50,82,2006,2006-10-31,2007-04-18
801,2006-07,1610612758,33,Kings,49,82,2006,2006-10-31,2007-04-18
802,2006-07,1610612759,58,Spurs,24,82,2006,2006-10-31,2007-04-18
803,2006-07,1610612760,31,SuperSonics,51,82,2006,2006-10-31,2007-04-18
804,2006-07,1610612761,47,Raptors,35,82,2006,2006-10-31,2007-04-18
805,2006-07,1610612762,51,Jazz,31,82,2006,2006-10-31,2007-04-18
806,2006-07,1610612763,22,Grizzlies,60,82,2006,2006-10-31,2007-04-18
807,2006-07,1610612764,41,Wizards,41,82,2006,2006-10-31,2007-04-18
808,2006-07,1610612765,53,Pistons,29,82,2006,2006-10-31,2007-04-18
809,2006-07,1610612766,33,Bobcats,49,82,2006,2006-10-31,2007-04-18
810,2007-08,1610612737,37,Hawks,45,82,2007,2007-10-30,2008-04-16
811,2007-08,1610612738,66,Celtics,16,82,2007,2007-10-30,2008-04-16
812,2007-08,1610612739,45,Cavaliers,37,82,2007,2007-10-30,2008-04-16
813,2007-08,1610612740,56,Hornets,26,82,2007,2007-10-30,2008-04-16
814,2007-08,1610612741,33,Bulls,49,82,2007,2007-10-30,2008-04-16
815,2007-08,1610612742,51,Mavericks,31,82,2007,2007-10-30,2008-04-16
816,2007-08,1610612743,50,Nuggets,32,82,2007,2007-10-30,2008-04-16
817,2007-08,1610612744,48,Warriors,34,82,2007,2007-10-30,2008-04-16
818,2007-08,1610612745,55,Rockets,27,82,2007,2007-10-30,2008-04-16
819,2007-08,1610612746,23,Clippers,59,82,2007,2007-10-30,2008-04-16
820,2007-08,1610612747,57,Lakers,25,82,2007,2007-10-30,2008-04-16
821,2007-08,1610612748,15,Heat,67,82,2007,2007-10-30,2008-04-16
822,2007-08,1610612749,26,Bucks,56,82,2007,2007-10-30,2008-04-16
823,2007-08,1610612750,22,Timberwolves,60,82,2007,2007-10-30,2008-04-16
824,2007-08,1610612751,34,Nets,48,82,2007,2007-10-30,2008-04-16
825,2007-08,1610612752,23,Knicks,59,82,2007,2007-10-30,2008-04-16
826,2007-08,1610612753,52,Magic,30,82,2007,2007-10-30,2008-04-16
827,2007-08,1610612754,36,Pacers,46,82,2007,2007-10-30,2008-04-16
828,2007-08,1610612755,40,76ers,42,82,2007,2007-10-30,2008-04-16
829,2007-08,1610612756,55,Suns,27,82,2007,2007-10-30,2008-04-16
830,2007-08,1610612757,41,Trail Blazers,41,82,2007,2007-10-30,2008-04-16
831,2007-08,1610612758,38,Kings,44,82,2007,2007-10-30,2008-04-16
832,2007-08,1610612759,56,Spurs,26,82,2007,2007-10-30,2008-04-16
833,2007-08,1610612760,20,SuperSonics,62,82,2007,2007-10-30,2008-04-16
834,2007-08,1610612761,41,Raptors,41,82,2007,2007-10-30,2008-04-16
835,2007-08,1610612762,54,Jazz,28,82,2007,2007-10-30,2008-04-16
836,2007-08,1610612763,22,Grizzlies,60,82,2007,2007-10-30,2008-04-16
837,2007-08,1610612764,43,Wizards,39,82,2007,2007-10-30,2008-04-16
838,2007-08,1610612765,59,Pistons,23,82,2007,2007-10-30,2008-04-16
839,2007-08,1610612766,32,Bobcats,50,82,2007,2007-10-30,2008-04-16
840,2008-09,1610612737,47,Hawks,35,82,2008,2008-10-28,2009-04-15
841,2008-09,1610612738,62,Celtics,20,82,2008,2008-10-28,2009-04-15
842,2008-09,1610612739,66,Cavaliers,16,82,2008,2008-10-28,2009-04-15
843,2008-09,1610612740,49,Hornets,33,82,2008,2008-10-28,2009-04-15
844,2008-09,1610612741,41,Bulls,41,82,2008,2008-10-28,2009-04-15
845,2008-09,1610612742,50,Mavericks,32,82,2008,2008-10-28,2009-04-15
846,2008-09,1610612743,54,Nuggets,28,82,2008,2008-10-28,2009-04-15
847,2008-09,1610612744,29,Warriors,53,82,2008,2008-10-28,2009-04-15
848,2008-09,1610612745,53,Rockets,29,82,2008,2008-10-28,2009-04-15
849,2008-09,1610612746,19,Clippers,63,82,2008,2008-10-28,2009-04-15
850,2008-09,1610612747,65,Lakers,17,82,2008,2008-10-28,2009-04-15
851,2008-09,1610612748,43,Heat,39,82,2008,2008-10-28,2009-04-15
852,2008-09,1610612749,34,Bucks,48,82,2008,2008-10-28,2009-04-15
853,2008-09,1610612750,24,Timberwolves,58,82,2008,2008-10-28,2009-04-15
854,2008-09,1610612751,34,Nets,48,82,2008,2008-10-28,2009-04-15
855,2008-09,1610612752,32,Knicks,50,82,2008,2008-10-28,2009-04-15
856,2008-09,1610612753,59,Magic,23,82,2008,2008-10-28,2009-04-15
857,2008-09,1610612754,36,Pacers,46,82,2008,2008-10-28,2009-04-15
858,2008-09,1610612755,41,76ers,41,82,2008,2008-10-28,2009-04-15
859,2008-09,1610612756,46,Suns,36,82,2008,2008-10-28,2009-04-15
860,2008-09,1610612757,54,Trail Blazers,28,82,2008,2008-10-28,2009-04-15
861,2008-09,1610612758,17,Kings,65,82,2008,2008-10-28,2009-04-15
862,2008-09,1610612759,54,Spurs,28,82,2008,2008-10-28,2009-04-15
863,2008-09,1610612760,23,Thunder,59,82,2008,2008-10-28,2009-04-15
864,2008-09,1610612761,33,Raptors,49,82,2008,2008-10-28,2009-04-15
865,2008-09,1610612762,48,Jazz,34,82,2008,2008-10-28,2009-04-15
866,2008-09,1610612763,24,Grizzlies,58,82,2008,2008-10-28,2009-04-15
867,2008-09,1610612764,19,Wizards,63,82,2008,2008-10-28,2009-04-15
868,2008-09,1610612765,39,Pistons,43,82,2008,2008-10-28,2009-04-15
869,2008-09,1610612766,35,Bobcats,47,82,2008,2008-10-28,2009-04-15
870,2009-10,1610612737,53,Hawks,29,82,2009,2009-10-27,2010-04-14
871,2009-10,1610612738,50,Celtics,32,82,2009,2009-10-27,2010-04-14
872,2009-10,1610612739,61,Cavaliers,21,82,2009,2009-10-27,2010-04-14
873,2009-10,1610612740,37,Hornets,45,82,2009,2009-10-27,2010-04-14
874,2009-10,1610612741,41,Bulls,41,82,2009,2009-10-27,2010-04-14
875,2009-10,1610612742,55,Mavericks,27,82,2009,2009-10-27,2010-04-14
876,2009-10,1610612743,53,Nuggets,29,82,2009,2009-10-27,2010-04-14
877,2009-10,1610612744,26,Warriors,56,82,2009,2009-10-27,2010-04-14
878,2009-10,1610612745,42,Rockets,40,82,2009,2009-10-27,2010-04-14
879,2009-10,1610612746,29,Clippers,53,82,2009,2009-10-27,2010-04-14
880,2009-10,1610612747,57,Lakers,25,82,2009,2009-10-27,2010-04-14
881,2009-10,1610612748,47,Heat,35,82,2009,2009-10-27,2010-04-14
882,2009-10,1610612749,46,Bucks,36,82,2009,2009-10-27,2010-04-14
883,2009-10,1610612750,15,Timberwolves,67,82,2009,2009-10-27,2010-04-14
884,2009-10,1610612751,12,Nets,70,82,2009,2009-10-27,2010-04-14
885,2009-10,1610612752,29,Knicks,53,82,2009,2009-10-27,2010-04-14
886,2009-10,1610612753,59,Magic,23,82,2009,2009-10-27,2010-04-14
887,2009-10,1610612754,32,Pacers,50,82,2009,2009-10-27,2010-04-14
888,2009-10,1610612755,27,76ers,55,82,2009,2009-10-27,2010-04-14
889,2009-10,1610612756,54,Suns,28,82,2009,2009-10-27,2010-04-14
890,2009-10,1610612757,50,Trail Blazers,32,82,2009,2009-10-27,2010-04-14
891,2009-10,1610612758,25,Kings,57,82,2009,2009-10-27,2010-04-14
892,2009-10,1610612759,50,Spurs,32,82,2009,2009-10-27,2010-04-14
893,2009-10,1610612760,50,Thunder,32,82,2009,2009-10-27,2010-04-14
894,2009-10,1610612761,40,Raptors,42,82,2009,2009-10-27,2010-04-14
895,2009-10,1610612762,53,Jazz,29,82,2009,2009-10-27,2010-04-14
896,2009-10,1610612763,40,Grizzlies,42,82,2009,2009-10-27,2010-04-14
897,2009-10,1610612764,26,Wizards,56,82,2009,2009-10-27,2010-04-14
898,2009-10,1610612765,27,Pistons,55,82,2009,2009-10-27,2010-04-14
899,2009-10,1610612766,44,Bobcats,38,82,2009,2009-10-27,2010-04-14
900,2010-11,1610612737,44,Hawks,38,82,2010,2010-10-26,2011-04-13
901,2010-11,1610612738,56,Celtics,26,82,2010,2010-10-26,2011-04-13
902,2010-11,1610612739,19,Cavaliers,63,82,2010,2010-10-26,2011-04-13
903,2010-11,1610612740,46,Hornets,36,82,2010,2010-10-26,2011-04-13
904,2010-11,1610612741,62,Bulls,20,82,2010,2010-10-26,2011-04-13
905,2010-11,1610612742,57,Mavericks,25,82,2010,2010-10-26,2011-04-13
906,2010-11,1610612743,50,Nuggets,32,82,2010,2010-10-26,2011-04-13
907,2010-11,1610612744,36,Warriors,46,82,2010,2010-10-26,2011-04-13
908,2010-11,1610612745,43,Rockets,39,82,2010,2010-10-26,2011-04-13
909,2010-11,1610612746,32,Clippers,50,82,2010,2010-10-26,2011-04-13
910,2010-11,1610612747,57,Lakers,25,82,2010,2010-10-26,2011-04-13
911,2010-11,1610612748,58,Heat,24,82,2010,2010-10-26,2011-04-13
912,2010-11,1610612749,35,Bucks,47,82,2010,2010-10-26,2011-04-13
913,2010-11,1610612750,17,Timberwolves,65,82,2010,2010-10-26,2011-04-13
914,2010-11,1610612751,24,Nets,58,82,2010,2010-10-26,2011-04-13
915,2010-11,1610612752,42,Knicks,40,82,2010,2010-10-26,2011-04-13
916,2010-11,1610612753,52,Magic,30,82,2010,2010-10-26,2011-04-13
917,2010-11,1610612754,37,Pacers,45,82,2010,2010-10-26,2011-04-13
918,2010-11,1610612755,41,76ers,41,82,2010,2010-10-26,2011-04-13
919,2010-11,1610612756,40,Suns,42,82,2010,2010-10-26,2011-04-13
920,2010-11,1610612757,48,Trail Blazers,34,82,2010,2010-10-26,2011-04-13
921,2010-11,1610612758,24,Kings,58,82,2010,2010-10-26,2011-04-13
922,2010-11,1610612759,61,Spurs,21,82,2010,2010-10-26,2011-04-13
923,2010-11,1610612760,55,Thunder,27,82,2010,2010-10-26,2011-04-13
924,2010-11,1610612761,22,Raptors,60,82,2010,2010-10-26,2011-04-13
925,2010-11,1610612762,39,Jazz,43,82,2010,2010-10-26,2011-04-13
926,2010-11,1610612763,46,Grizzlies,36,82,2010,2010-10-26,2011-04-13
927,2010-11,1610612764,23,Wizards,59,82,2010,2010-10-26,2011-04-13
928,2010-11,1610612765,30,Pistons,52,82,2010,2010-10-26,2011-04-13
929,2010-11,1610612766,34,Bobcats,48,82,2010,2010-10-26,2011-04-13
930,2011-12,1610612737,40,Hawks,26,66,2011,2011-12-25,2012-04-26
931,2011-12,1610612738,39,Celtics,27,66,2011,2011-12-25,2012-04-26
932,2011-12,1610612739,21,Cavaliers,45,66,2011,2011-12-25,2012-04-26
933,2011-12,1610612740,21,Hornets,45,66,2011,2011-12-25,2012-04-26
934,2011-12,1610612741,50,Bulls,16,66,2011,2011-12-25,2012-04-26
935,2011-12,1610612742,36,Mavericks,30,66,2011,2011-12-25,2012-04-26
936,2011-12,1610612743,38,Nuggets,28,66,2011,2011-12-25,2012-04-26
937,2011-12,1610612744,23,Warriors,43,66,2011,2011-12-25,2012-04-26
938,2011-12,1610612745,34,Rockets,32,66,2011,2011-12-25,2012-04-26
939,2011-12,1610612746,40,Clippers,26,66,2011,2011-12-25,2012-04-26
940,2011-12,1610612747,41,Lakers,25,66,2011,2011-12-25,2012-04-26
941,2011-12,1610612748,46,Heat,20,66,2011,2011-12-25,2012-04-26
942,2011-12,1610612749,31,Bucks,35,66,2011,2011-12-25,2012-04-26
943,2011-12,1610612750,26,Timberwolves,40,66,2011,2011-12-25,2012-04-26
944,2011-12,1610612751,22,Nets,44,66,2011,2011-12-25,2012-04-26
945,2011-12,1610612752,36,Knicks,30,66,2011,2011-12-25,2012-04-26
946,2011-12,1610612753,37,Magic,29,66,2011,2011-12-25,2012-04-26
947,2011-12,1610612754,42,Pacers,24,66,2011,2011-12-25,2012-04-26
948,2011-12,1610612755,35,76ers,31,66,2011,2011-12-25,2012-04-26
949,2011-12,1610612756,33,Suns,33,66,2011,2011-12-25,2012-04-26
950,2011-12,1610612757,28,Trail Blazers,38,66,2011,2011-12-25,2012-04-26
951,2011-12,1610612758,22,Kings,44,66,2011,2011-12-25,2012-04-26
952,2011-12,1610612759,50,Spurs,16,66,2011,2011-12-25,2012-04-26
953,2011-12,1610612760,47,Thunder,19,66,2011,2011-12-25,2012-04-26
954,2011-12,1610612761,23,Raptors,43,66,2011,2011-12-25,2012-04-26
955,2011-12,1610612762,36,Jazz,30,66,2011,2011-12-25,2012-04-26
956,2011-12,1610612763,41,Grizzlies,25,66,2011,2011-12-25,2012-04-26
957,2011-12,1610612764,20,Wizards,46,66,2011,2011-12-25,2012-04-26
958,2011-12,1610612765,25,Pistons,41,66,2011,2011-12-25,2012-04-26
959,2011-12,1610612766,7,Bobcats,59,66,2011,2011-12-25,2012-04-26
960,2012-13,1610612737,44,Hawks,38,82,2012,2012-10-30,2013-04-17
961,2012-13,1610612738,41,Celtics,40,81,2012,2012-10-30,2013-04-17
962,2012-13,1610612739,24,Cavaliers,58,82,2012,2012-10-30,2013-04-17
963,2012-13,1610612740,27,Hornets,55,82,2012,2012-10-30,2013-04-17
964,2012-13,1610612741,45,Bulls,37,82,2012,2012-10-30,2013-04-17
965,2012-13,1610612742,41,Mavericks,41,82,2012,2012-10-30,2013-04-17
966,2012-13,1610612743,57,Nuggets,25,82,2012,2012-10-30,2013-04-17
967,2012-13,1610612744,47,Warriors,35,82,2012,2012-10-30,2013-04-17
968,2012-13,1610612745,45,Rockets,37,82,2012,2012-10-30,2013-04-17
969,2012-13,1610612746,56,Clippers,26,82,2012,2012-10-30,2013-04-17
970,2012-13,1610612747,45,Lakers,37,82,2012,2012-10-30,2013-04-17
971,2012-13,1610612748,66,Heat,16,82,2012,2012-10-30,2013-04-17
972,2012-13,1610612749,38,Bucks,44,82,2012,2012-10-30,2013-04-17
973,2012-13,1610612750,31,Timberwolves,51,82,2012,2012-10-30,2013-04-17
974,2012-13,1610612751,49,Nets,33,82,2012,2012-10-30,2013-04-17
975,2012-13,1610612752,54,Knicks,28,82,2012,2012-10-30,2013-04-17
976,2012-13,1610612753,20,Magic,62,82,2012,2012-10-30,2013-04-17
977,2012-13,1610612754,49,Pacers,32,81,2012,2012-10-30,2013-04-17
978,2012-13,1610612755,34,76ers,48,82,2012,2012-10-30,2013-04-17
979,2012-13,1610612756,25,Suns,57,82,2012,2012-10-30,2013-04-17
980,2012-13,1610612757,33,Trail Blazers,49,82,2012,2012-10-30,2013-04-17
981,2012-13,1610612758,28,Kings,54,82,2012,2012-10-30,2013-04-17
982,2012-13,1610612759,58,Spurs,24,82,2012,2012-10-30,2013-04-17
983,2012-13,1610612760,60,Thunder,22,82,2012,2012-10-30,2013-04-17
984,2012-13,1610612761,34,Raptors,48,82,2012,2012-10-30,2013-04-17
985,2012-13,1610612762,43,Jazz,39,82,2012,2012-10-30,2013-04-17
986,2012-13,1610612763,56,Grizzlies,26,82,2012,2012-10-30,2013-04-17
987,2012-13,1610612764,29,Wizards,53,82,2012,2012-10-30,2013-04-17
988,2012-13,1610612765,29,Pistons,53,82,2012,2012-10-30,2013-04-17
989,2012-13,1610612766,21,Bobcats,61,82,2012,2012-10-30,2013-04-17
990,2013-14,1610612737,38,Hawks,44,82,2013,2013-10-29,2014-04-16
991,2013-14,1610612738,25,Celtics,57,82,2013,2013-10-29,2014-04-16
992,2013-14,1610612739,33,Cavaliers,49,82,2013,2013-10-29,2014-04-16
993,2013-14,1610612740,34,Pelicans,48,82,2013,2013-10-29,2014-04-16
994,2013-14,1610612741,48,Bulls,34,82,2013,2013-10-29,2014-04-16
995,2013-14,1610612742,49,Mavericks,33,82,2013,2013-10-29,2014-04-16
996,2013-14,1610612743,36,Nuggets,46,82,2013,2013-10-29,2014-04-16
997,2013-14,1610612744,51,Warriors,31,82,2013,2013-10-29,2014-04-16
998,2013-14,1610612745,54,Rockets,28,82,2013,2013-10-29,2014-04-16
999,2013-14,1610612746,57,Clippers,25,82,2013,2013-10-29,2014-04-16
1000,2013-14,1610612747,27,Lakers,55,82,2013,2013-10-29,2014-04-16
1001,2013-14,1610612748,54,Heat,28,82,2013,2013-10-29,2014-04-16
1002,2013-14,1610612749,15,Bucks,67,82,2013,2013-10-29,2014-04-16
1003,2013-14,1610612750,40,Timberwolves,42,82,2013,2013-10-29,2014-04-16
1004,2013-14,1610612751,44,Nets,38,82,2013,2013-10-29,2014-04-16
1005,2013-14,1610612752,37,Knicks,45,82,2013,2013-10-29,2014-04-16
1006,2013-14,1610612753,23,Magic,59,82,2013,2013-10-29,2014-04-16
1007,2013-14,1610612754,56,Pacers,26,82,2013,2013-10-29,2014-04-16
1008,2013-14,1610612755,19,76ers,63,82,2013,2013-10-29,2014-04-16
1009,2013-14,1610612756,48,Suns,34,82,2013,2013-10-29,2014-04-16
1010,2013-14,1610612757,54,Trail Blazers,28,82,2013,2013-10-29,2014-04-16
1011,2013-14,1610612758,28,Kings,54,82,2013,2013-10-29,2014-04-16
1012,2013-14,1610612759,62,Spurs,20,82,2013,2013-10-29,2014-04-16
1013,2013-14,1610612760,59,Thunder,23,82,2013,2013-10-29,2014-04-16
1014,2013-14,1610612761,48,Raptors,34,82,2013,2013-10-29,2014-04-16
1015,2013-14,1610612762,25,Jazz,57,82,2013,2013-10-29,2014-04-16
1016,2013-14,1610612763,50,Grizzlies,32,82,2013,2013-10-29,2014-04-16
1017,2013-14,1610612764,44,Wizards,38,82,2013,2013-10-29,2014-04-16
1018,2013-14,1610612765,29,Pistons,53,82,2013,2013-10-29,2014-04-16
1019,2013-14,1610612766,43,Bobcats,39,82,2013,2013-10-29,2014-04-16
1020,2014-15,1610612737,60,Hawks,22,82,2014,2014-10-28,2015-04-15
1021,2014-15,1610612738,40,Celtics,42,82,2014,2014-10-28,2015-04-15
1022,2014-15,1610612739,53,Cavaliers,29,82,2014,2014-10-28,2015-04-15
1023,2014-15,1610612740,45,Pelicans,37,82,2014,2014-10-28,2015-04-15
1024,2014-15,1610612741,50,Bulls,32,82,2014,2014-10-28,2015-04-15
1025,2014-15,1610612742,50,Mavericks,32,82,2014,2014-10-28,2015-04-15
1026,2014-15,1610612743,30,Nuggets,52,82,2014,2014-10-28,2015-04-15
1027,2014-15,1610612744,67,Warriors,15,82,2014,2014-10-28,2015-04-15
1028,2014-15,1610612745,56,Rockets,26,82,2014,2014-10-28,2015-04-15
1029,2014-15,1610612746,56,Clippers,26,82,2014,2014-10-28,2015-04-15
1030,2014-15,1610612747,21,Lakers,61,82,2014,2014-10-28,2015-04-15
1031,2014-15,1610612748,37,Heat,45,82,2014,2014-10-28,2015-04-15
1032,2014-15,1610612749,41,Bucks,41,82,2014,2014-10-28,2015-04-15
1033,2014-15,1610612750,16,Timberwolves,66,82,2014,2014-10-28,2015-04-15
1034,2014-15,1610612751,38,Nets,44,82,2014,2014-10-28,2015-04-15
1035,2014-15,1610612752,17,Knicks,65,82,2014,2014-10-28,2015-04-15
1036,2014-15,1610612753,25,Magic,57,82,2014,2014-10-28,2015-04-15
1037,2014-15,1610612754,38,Pacers,44,82,2014,2014-10-28,2015-04-15
1038,2014-15,1610612755,18,76ers,64,82,2014,2014-10-28,2015-04-15
1039,2014-15,1610612756,39,Suns,43,82,2014,2014-10-28,2015-04-15
1040,2014-15,1610612757,51,Trail Blazers,31,82,2014,2014-10-28,2015-04-15
1041,2014-15,1610612758,29,Kings,53,82,2014,2014-10-28,2015-04-15
1042,2014-15,1610612759,55,Spurs,27,82,2014,2014-10-28,2015-04-15
1043,2014-15,1610612760,45,Thunder,37,82,2014,2014-10-28,2015-04-15
1044,2014-15,1610612761,49,Raptors,33,82,2014,2014-10-28,2015-04-15
1045,2014-15,1610612762,38,Jazz,44,82,2014,2014-10-28,2015-04-15
1046,2014-15,1610612763,55,Grizzlies,27,82,2014,2014-10-28,2015-04-15
1047,2014-15,1610612764,46,Wizards,36,82,2014,2014-10-28,2015-04-15
1048,2014-15,1610612765,32,Pistons,50,82,2014,2014-10-28,2015-04-15
1049,2014-15,1610612766,33,Hornets,49,82,2014,2014-10-28,2015-04-15
1050,2015-16,1610612737,48,Hawks,34,82,2015,2015-10-27,2016-04-13
1051,2015-16,1610612738,48,Celtics,34,82,2015,2015-10-27,2016-04-13
1052,2015-16,1610612739,57,Cavaliers,25,82,2015,2015-10-27,2016-04-13
1053,2015-16,1610612740,30,Pelicans,52,82,2015,2015-10-27,2016-04-13
1054,2015-16,1610612741,42,Bulls,40,82,2015,2015-10-27,2016-04-13
1055,2015-16,1610612742,42,Mavericks,40,82,2015,2015-10-27,2016-04-13
1056,2015-16,1610612743,33,Nuggets,49,82,2015,2015-10-27,2016-04-13
1057,2015-16,1610612744,73,Warriors,9,82,2015,2015-10-27,2016-04-13
1058,2015-16,1610612745,41,Rockets,41,82,2015,2015-10-27,2016-04-13
1059,2015-16,1610612746,53,Clippers,29,82,2015,2015-10-27,2016-04-13
1060,2015-16,1610612747,17,Lakers,65,82,2015,2015-10-27,2016-04-13
1061,2015-16,1610612748,48,Heat,34,82,2015,2015-10-27,2016-04-13
1062,2015-16,1610612749,33,Bucks,49,82,2015,2015-10-27,2016-04-13
1063,2015-16,1610612750,29,Timberwolves,53,82,2015,2015-10-27,2016-04-13
1064,2015-16,1610612751,21,Nets,61,82,2015,2015-10-27,2016-04-13
1065,2015-16,1610612752,32,Knicks,50,82,2015,2015-10-27,2016-04-13
1066,2015-16,1610612753,35,Magic,47,82,2015,2015-10-27,2016-04-13
1067,2015-16,1610612754,45,Pacers,37,82,2015,2015-10-27,2016-04-13
1068,2015-16,1610612755,10,76ers,72,82,2015,2015-10-27,2016-04-13
1069,2015-16,1610612756,23,Suns,59,82,2015,2015-10-27,2016-04-13
1070,2015-16,1610612757,44,Trail Blazers,38,82,2015,2015-10-27,2016-04-13
1071,2015-16,1610612758,33,Kings,49,82,2015,2015-10-27,2016-04-13
1072,2015-16,1610612759,67,Spurs,15,82,2015,2015-10-27,2016-04-13
1073,2015-16,1610612760,55,Thunder,27,82,2015,2015-10-27,2016-04-13
1074,2015-16,1610612761,56,Raptors,26,82,2015,2015-10-27,2016-04-13
1075,2015-16,1610612762,40,Jazz,42,82,2015,2015-10-27,2016-04-13
1076,2015-16,1610612763,42,Grizzlies,40,82,2015,2015-10-27,2016-04-13
1077,2015-16,1610612764,41,Wizards,41,82,2015,2015-10-27,2016-04-13
1078,2015-16,1610612765,44,Pistons,38,82,2015,2015-10-27,2016-04-13
1079,2015-16,1610612766,48,Hornets,34,82,2015,2015-10-27,2016-04-13
1080,2016-17,1610612737,43,Hawks,39,82,2016,2016-10-25,2017-04-12
1081,2016-17,1610612738,53,Celtics,29,82,2016,2016-10-25,2017-04-12
1082,2016-17,1610612739,51,Cavaliers,31,82,2016,2016-10-25,2017-04-12
1083,2016-17,1610612740,34,Pelicans,48,82,2016,2016-10-25,2017-04-12
1084,2016-17,1610612741,41,Bulls,41,82,2016,2016-10-25,2017-04-12
1085,2016-17,1610612742,33,Mavericks,49,82,2016,2016-10-25,2017-04-12
1086,2016-17,1610612743,40,Nuggets,42,82,2016,2016-10-25,2017-04-12
1087,2016-17,1610612744,67,Warriors,15,82,2016,2016-10-25,2017-04-12
1088,2016-17,1610612745,55,Rockets,27,82,2016,2016-10-25,2017-04-12
1089,2016-17,1610612746,51,Clippers,31,82,2016,2016-10-25,2017-04-12
1090,2016-17,1610612747,26,Lakers,56,82,2016,2016-10-25,2017-04-12
1091,2016-17,1610612748,41,Heat,41,82,2016,2016-10-25,2017-04-12
1092,2016-17,1610612749,42,Bucks,40,82,2016,2016-10-25,2017-04-12
1093,2016-17,1610612750,31,Timberwolves,51,82,2016,2016-10-25,2017-04-12
1094,2016-17,1610612751,20,Nets,62,82,2016,2016-10-25,2017-04-12
1095,2016-17,1610612752,31,Knicks,51,82,2016,2016-10-25,2017-04-12
1096,2016-17,1610612753,29,Magic,53,82,2016,2016-10-25,2017-04-12
1097,2016-17,1610612754,42,Pacers,40,82,2016,2016-10-25,2017-04-12
1098,2016-17,1610612755,28,76ers,54,82,2016,2016-10-25,2017-04-12
1099,2016-17,1610612756,24,Suns,58,82,2016,2016-10-25,2017-04-12
1100,2016-17,1610612757,41,Trail Blazers,41,82,2016,2016-10-25,2017-04-12
1101,2016-17,1610612758,32,Kings,50,82,2016,2016-10-25,2017-04-12
1102,2016-17,1610612759,61,Spurs,21,82,2016,2016-10-25,2017-04-12
1103,2016-17,1610612760,47,Thunder,35,82,2016,2016-10-25,2017-04-12
1104,2016-17,1610612761,51,Raptors,31,82,2016,2016-10-25,2017-04-12
1105,2016-17,1610612762,51,Jazz,31,82,2016,2016-10-25,2017-04-12
1106,2016-17,1610612763,43,Grizzlies,39,82,2016,2016-10-25,2017-04-12
1107,2016-17,1610612764,49,Wizards,33,82,2016,2016-10-25,2017-04-12
1108,2016-17,1610612765,37,Pistons,45,82,2016,2016-10-25,2017-04-12
1109,2016-17,1610612766,36,Hornets,46,82,2016,2016-10-25,2017-04-12
1110,2017-18,1610612737,24,Hawks,58,82,2017,2017-10-17,2018-04-11
1111,2017-18,1610612738,55,Celtics,27,82,2017,2017-10-17,2018-04-11
1112,2017-18,1610612739,50,Cavaliers,32,82,2017,2017-10-17,2018-04-11
1113,2017-18,1610612740,48,Pelicans,34,82,2017,2017-10-17,2018-04-11
1114,2017-18,1610612741,27,Bulls,55,82,2017,2017-10-17,2018-04-11
1115,2017-18,1610612742,24,Mavericks,58,82,2017,2017-10-17,2018-04-11
1116,2017-18,1610612743,46,Nuggets,36,82,2017,2017-10-17,2018-04-11
1117,2017-18,1610612744,58,Warriors,24,82,2017,2017-10-17,2018-04-11
1118,2017-18,1610612745,65,Rockets,17,82,2017,2017-10-17,2018-04-11
1119,2017-18,1610612746,42,Clippers,40,82,2017,2017-10-17,2018-04-11
1120,2017-18,1610612747,35,Lakers,47,82,2017,2017-10-17,2018-04-11
1121,2017-18,1610612748,44,Heat,38,82,2017,2017-10-17,2018-04-11
1122,2017-18,1610612749,44,Bucks,38,82,2017,2017-10-17,2018-04-11
1123,2017-18,1610612750,47,Timberwolves,35,82,2017,2017-10-17,2018-04-11
1124,2017-18,1610612751,28,Nets,54,82,2017,2017-10-17,2018-04-11
1125,2017-18,1610612752,29,Knicks,53,82,2017,2017-10-17,2018-04-11
1126,2017-18,1610612753,25,Magic,57,82,2017,2017-10-17,2018-04-11
1127,2017-18,1610612754,48,Pacers,34,82,2017,2017-10-17,2018-04-11
1128,2017-18,1610612755,52,76ers,30,82,2017,2017-10-17,2018-04-11
1129,2017-18,1610612756,21,Suns,61,82,2017,2017-10-17,2018-04-11
1130,2017-18,1610612757,49,Trail Blazers,33,82,2017,2017-10-17,2018-04-11
1131,2017-18,1610612758,27,Kings,55,82,2017,2017-10-17,2018-04-11
1132,2017-18,1610612759,47,Spurs,35,82,2017,2017-10-17,2018-04-11
1133,2017-18,1610612760,48,Thunder,34,82,2017,2017-10-17,2018-04-11
1134,2017-18,1610612761,59,Raptors,23,82,2017,2017-10-17,2018-04-11
1135,2017-18,1610612762,48,Jazz,34,82,2017,2017-10-17,2018-04-11
1136,2017-18,1610612763,22,Grizzlies,60,82,2017,2017-10-17,2018-04-11
1137,2017-18,1610612764,43,Wizards,39,82,2017,2017-10-17,2018-04-11
1138,2017-18,1610612765,39,Pistons,43,82,2017,2017-10-17,2018-04-11
1139,2017-18,1610612766,36,Hornets,46,82,2017,2017-10-17,2018-04-11
1140,2018-19,1610612737,29,Hawks,53,82,2018,2018-10-16,2019-04-10
1141,2018-19,1610612738,49,Celtics,33,82,2018,2018-10-16,2019-04-10
1142,2018-19,1610612739,19,Cavaliers,63,82,2018,2018-10-16,2019-04-10
1143,2018-19,1610612740,33,Pelicans,49,82,2018,2018-10-16,2019-04-10
1144,2018-19,1610612741,22,Bulls,60,82,2018,2018-10-16,2019-04-10
1145,2018-19,1610612742,33,Mavericks,49,82,2018,2018-10-16,2019-04-10
1146,2018-19,1610612743,54,Nuggets,28,82,2018,2018-10-16,2019-04-10
1147,2018-19,1610612744,57,Warriors,25,82,2018,2018-10-16,2019-04-10
1148,2018-19,1610612745,53,Rockets,29,82,2018,2018-10-16,2019-04-10
1149,2018-19,1610612746,48,Clippers,34,82,2018,2018-10-16,2019-04-10
1150,2018-19,1610612747,37,Lakers,45,82,2018,2018-10-16,2019-04-10
1151,2018-19,1610612748,39,Heat,43,82,2018,2018-10-16,2019-04-10
1152,2018-19,1610612749,60,Bucks,22,82,2018,2018-10-16,2019-04-10
1153,2018-19,1610612750,36,Timberwolves,46,82,2018,2018-10-16,2019-04-10
1154,2018-19,1610612751,42,Nets,40,82,2018,2018-10-16,2019-04-10
1155,2018-19,1610612752,17,Knicks,65,82,2018,2018-10-16,2019-04-10
1156,2018-19,1610612753,42,Magic,40,82,2018,2018-10-16,2019-04-10
1157,2018-19,1610612754,48,Pacers,34,82,2018,2018-10-16,2019-04-10
1158,2018-19,1610612755,51,76ers,31,82,2018,2018-10-16,2019-04-10
1159,2018-19,1610612756,19,Suns,63,82,2018,2018-10-16,2019-04-10
1160,2018-19,1610612757,53,Trail Blazers,29,82,2018,2018-10-16,2019-04-10
1161,2018-19,1610612758,39,Kings,43,82,2018,2018-10-16,2019-04-10
1162,2018-19,1610612759,48,Spurs,34,82,2018,2018-10-16,2019-04-10
1163,2018-19,1610612760,49,Thunder,33,82,2018,2018-10-16,2019-04-10
1164,2018-19,1610612761,58,Raptors,24,82,2018,2018-10-16,2019-04-10
1165,2018-19,1610612762,50,Jazz,32,82,2018,2018-10-16,2019-04-10
1166,2018-19,1610612763,33,Grizzlies,49,82,2018,2018-10-16,2019-04-10
1167,2018-19,1610612764,32,Wizards,50,82,2018,2018-10-16,2019-04-10
1168,2018-19,1610612765,41,Pistons,41,82,2018,2018-10-16,2019-04-10
1169,2018-19,1610612766,39,Hornets,43,82,2018,2018-10-16,2019-04-10
